<?xml version="1.0"?>
<declaratieUnica luna_r="10" an_r="2011" d_rec="0" nume_declar="HATCU" prenume_declar="CARMEN IULIA" functie_declar="RESPONSABIL RESURSE UMANE" xmlns:xsi="http://www.w3.org/2001/XMLSchema-instance" xmlns="mfp:anaf:dgti:declaratie_unica:declaratie:v1" xsi:schemaLocation="mfp:anaf:dgti:declaratie_unica:declaratie:v1 F:\DUK\Docs\DecUnica.xsd">
	<angajator cif="19108446" rgCom="J02/1912/2006" caen="4690" den="STALMOT DISTRIBUTION SRL" adrSoc="ARAD, str.Poetului nr.1/C, Platforma UTA, Hala 54, ap.2/4, jud.Arad" telSoc="0357808842" faxSoc="0357808842" adrFisc="ARAD, str.Poetului nr.1/C, Platforma UTA, Hala 54, ap.2/4, jud.Arad" telFisc="0357808842" faxFisc="0357808842" casaAng="AR" tRisc="0.205" dat="1" totalPlata_A="15183">
		<angajatorA A_codOblig="411" A_codBugetar="5502XXXXXX" A_datorat="5621" A_deductibil="0" A_plata="5621"/>
		<angajatorA A_codOblig="602" A_codBugetar="20470101XX" A_datorat="3557" A_deductibil="0" A_plata="3557"/>
		<angajatorA A_codOblig="412" A_codBugetar="5502XXXXXX" A_datorat="2839" A_deductibil="0" A_plata="2839"/>
		<angajatorA A_codOblig="416" A_codBugetar="5502XXXXXX" A_datorat="55" A_deductibil="0" A_plata="55"/>
		<angajatorA A_codOblig="431" A_codBugetar="5502XXXXXX" A_datorat="1356" A_deductibil="0" A_plata="1356"/>
		<angajatorA A_codOblig="432" A_codBugetar="5502XXXXXX" A_datorat="1430" A_deductibil="0" A_plata="1430"/>
		<angajatorA A_codOblig="439" A_codBugetar="5502XXXXXX" A_datorat="222" A_deductibil="222" A_plata="0"/>
		<angajatorA A_codOblig="421" A_codBugetar="5502XXXXXX" A_datorat="130" A_deductibil="0" A_plata="130"/>
		<angajatorA A_codOblig="422" A_codBugetar="5502XXXXXX" A_datorat="130" A_deductibil="0" A_plata="130"/>
		<angajatorA A_codOblig="423" A_codBugetar="5502XXXXXX" A_datorat="65" A_deductibil="0" A_plata="65"/>
		<angajatorB B_cnp="14" B_sanatate="13" B_pensie="14" B_brutSalarii="26075"/>
<!--		<angajatorC1 C1_11="25978" C1_12="949" C1_13="0" C1_21="0" C1_22="0" C1_23="0" C1_32="0" C1_33="0" C1_T1="25978" C1_T2="949" C1_T="0" C1_T3="5601" C1_5="0" C1_6="0" C1_7="0"/>
		<angajatorC2 C2_11="1" C2_12="10" C2_13="3" C2_14="7" C2_15="97" C2_16="226" C2_21="0" C2_22="0" C2_24="0" C2_26="0" C2_31="1" C2_32="21" C2_34="21" C2_36="2053" C2_41="0" C2_42="0" C2_44="0" C2_46="0" C2_51="0" C2_52="0" C2_54="0" C2_56="0" C2_T6="2279" C2_7="222" C2_8="0" C2_9="222" C2_10="2279" C2_110="222" C2_120="0" C2_130="2057"/>-->
		<angajatorC1 C1_11="25978" C1_12="1045" C1_T1="25978" C1_T2="1045" C1_T3="5621"/>
		<angajatorC2 C2_11="1" C2_12="10" C2_13="3" C2_14="7" C2_15="97" C2_16="226" C2_31="1" C2_32="21" C2_34="21" C2_36="2053" C2_T6="2279" C2_7="222" C2_9="222" C2_10="2279" C2_110="222" C2_130="2057"/>
		<angajatorC3 C3_total="0" C3_suma="0"/>
		<angajatorC4 C4_scutitaSo="0"/>
		<angajatorC6 C6_baza="26075" C6_ct="130"/>
		<angajatorC7 C7_baza="26075" C7_ct="65"/>
		<angajatorD D1="0" D2="0" D3="0" D4="0"/>
		<angajatorE1 E1_venit="0" E1_baza="0" E1_ct="0"/>
		<angajatorE2 E2_11="0" E2_12="0" E2_14="0" E2_16="0" E2_21="0" E2_22="0" E2_24="0" E2_26="0" E2_31="0" E2_32="0" E2_34="0" E2_36="0" E2_41="0" E2_42="0" E2_44="0" E2_46="0" E2_51="0" E2_52="0" E2_54="0" E2_56="0" E2_66="0" E2_7="0" E2_8="0" E2_9="0" E2_10="0" E2_110="0" E2_120="0" E2_130="0"/>
		<angajatorE3 E3_total="0" E3_suma="0"/>
<!--		<angajatorF1 F1_suma="3557"/>-->
	</angajator>
	<asigurat cnpAsig="2841202020081" idAsig="1" numeAsig="BODEA" prenAsig="NICOLETA FLORINA" dataAng="21.11.2006" casaSn="AR" asigCI="1" asigSO="1">
		<asiguratB1 B1_1="1" B1_2="0" B1_3="N" B1_4="8" B1_5="0" B1_6="0" B1_7="168" B1_10="0" B1_15="0">
		</asiguratB1>
		<asiguratB2 B2_1="0" B2_2="0"/>
		<asiguratB3 B3_1="21" B3_6="21" B3_7="708" B3_11="708" B3_12="0" B3_13="2053"/>
		<asiguratB4 B4_1="0" B4_2="0" B4_3="0" B4_4="0" B4_5="0" B4_6="0" B4_7="708" B4_8="74" B4_14="0"/>
		<asiguratD D_1="CCMAC" D_2="2487727" D_3="CCMAC" D_4="3081622" D_5="13.10.2010" D_6="01.10.2010" D_7="31.10.2010" D_9="08" D_10="1" D_15="21" D_16="21" D_17="14493" D_18="126" D_19="115.0238" D_20="0" D_21="2053"/>
	</asigurat>
	<asigurat cnpAsig="1850921023975" idAsig="2" numeAsig="BRUZNICAN" prenAsig="BOGDAN CONSTANTIN" dataAng="27.09.2010" casaSn="AR" asigCI="1" asigSO="1">
		<asiguratB1 B1_1="1" B1_2="0" B1_3="N" B1_4="8" B1_5="752" B1_6="88" B1_7="80" B1_10="752" B1_15="11">
		</asiguratB1>
		<asiguratB2 B2_1="0" B2_2="11" B2_5="655"/>
		<asiguratB3 B3_1="10" B3_6="10" B3_7="337" B3_11="337" B3_12="97" B3_13="226"/>
		<asiguratB4 B4_1="11" B4_2="0" B4_3="752" B4_4="4" B4_5="655" B4_6="36" B4_7="992" B4_8="104" B4_14="752"/>
		<asiguratD D_1="CCMAC" D_2="3813002" D_5="01.10.2010" D_6="01.10.2010" D_7="14.10.2010" D_9="01" D_10="3" D_14="3" D_15="7" D_16="10" D_17="43" D_18="1" D_19="43" D_20="97" D_21="226"/>
	</asigurat>
	<asigurat cnpAsig="1860412025263" idAsig="3" numeAsig="CRISTEA PAVEL" prenAsig="IONEL SILVIU" dataAng="01.06.2010" casaSn="AR" asigCI="1" asigSO="1">
		<asiguratA A_1="1" A_2="0" A_3="N" A_4="8" A_5="1359" A_6="168" A_7="0" A_8="21" A_9="1359" A_10="7" A_11="1359" A_12="75" A_13="1359" A_14="143" A_20="1359"/>
	</asigurat>
	<asigurat cnpAsig="1630919020029" idAsig="4" numeAsig="CRIVAT" prenAsig="PAVEL" dataAng="13.10.2009" casaSn="AR" asigCI="1" asigSO="1">
		<asiguratA A_1="1" A_2="0" A_3="N" A_4="8" A_5="1846" A_6="141" A_7="0" A_8="18" A_9="1846" A_10="9" A_11="1846" A_12="102" A_13="1846" A_14="194" A_20="1846"/>
	</asigurat>
	<asigurat cnpAsig="1730616020050" idAsig="5" numeAsig="FODOR" prenAsig="CLAUDIU" dataAng="30.03.2009" casaSn="AR" asigCI="1" asigSO="1">
		<asiguratA A_1="1" A_2="0" A_3="N" A_4="8" A_5="2034" A_6="168" A_7="0" A_8="21" A_9="2034" A_10="10" A_11="2034" A_12="112" A_13="2034" A_14="214" A_20="2034"/>
	</asigurat>
	<asigurat cnpAsig="2800921020081" idAsig="6" numeAsig="HARCAIAN" prenAsig="CRISTINA" dataAng="24.08.2009" casaSn="AR" asigCI="1" asigSO="1">
		<asiguratA A_1="1" A_2="0" A_3="N" A_4="8" A_5="2930" A_6="160" A_7="0" A_8="20" A_9="2930" A_10="15" A_11="2930" A_12="161" A_13="2930" A_14="308" A_20="2930"/>
	</asigurat>
	<asigurat cnpAsig="1831001025891" idAsig="7" numeAsig="HUIDAN" prenAsig="CONSTANTIN MARIUS" dataAng="01.03.2010" casaSn="AR" asigCI="1" asigSO="1">
		<asiguratA A_1="1" A_2="0" A_3="N" A_4="8" A_5="1643" A_6="128" A_7="0" A_8="16" A_9="1643" A_10="8" A_11="1643" A_12="90" A_13="1643" A_14="173" A_20="1643"/>
	</asigurat>
	<asigurat cnpAsig="1780917020063" idAsig="8" numeAsig="JOSAN BISORCA" prenAsig="MANUEL" dataAng="03.12.2009" casaSn="AR" asigCI="1" asigSO="1">
		<asiguratA A_1="1" A_2="0" A_3="N" A_4="8" A_5="1283" A_6="168" A_7="0" A_8="21" A_9="1283" A_10="6" A_11="1283" A_12="71" A_13="1283" A_14="135" A_20="1283"/>
	</asigurat>
	<asigurat cnpAsig="1880626020133" idAsig="9" numeAsig="MARTIN" prenAsig="SORIN ILARIE" dataAng="10.09.2009" casaSn="AR" asigCI="1" asigSO="1">
		<asiguratA A_1="1" A_2="0" A_3="N" A_4="8" A_5="1430" A_6="168" A_7="0" A_8="21" A_9="1430" A_10="7" A_11="1430" A_12="79" A_13="1430" A_14="150" A_20="1430"/>
	</asigurat>
	<asigurat cnpAsig="1810327020090" idAsig="10" numeAsig="ROTAR" prenAsig="ADRIAN" dataAng="03.09.2010" casaSn="AR" asigCI="1" asigSO="1">
		<asiguratA A_1="1" A_2="0" A_3="N" A_4="8" A_5="2200" A_6="168" A_7="0" A_8="21" A_9="2200" A_10="11" A_11="2200" A_12="121" A_13="2200" A_14="231" A_20="2200"/>
	</asigurat>
	<asigurat cnpAsig="1890316020081" idAsig="11" numeAsig="SERBAN" prenAsig="ANDREI ALEXANDRU" dataAng="27.09.2010" casaSn="AR" asigCI="1" asigSO="1">
		<asiguratA A_1="1" A_2="0" A_3="N" A_4="8" A_5="1152" A_6="168" A_7="0" A_8="21" A_9="1152" A_10="6" A_11="1152" A_12="63" A_13="1152" A_14="121" A_20="1152"/>
	</asigurat>
	<asigurat cnpAsig="2830128020094" idAsig="12" numeAsig="SZABO" prenAsig="CSILLA" dataAng="25.03.2010" casaSn="AR" asigCI="1" asigSO="1">
		<asiguratA A_1="1" A_2="0" A_3="N" A_4="8" A_5="1671" A_6="168" A_7="0" A_8="21" A_9="1671" A_10="8" A_11="1671" A_12="92" A_13="1671" A_14="175" A_20="1671"/>
	</asigurat>
	<asigurat cnpAsig="1830214020014" idAsig="13" numeAsig="KLIMASZEWSKI" prenAsig="LUKASZ" dataAng="02.08.2010" casaSn="AR" asigCI="1" asigSO="1">
		<asiguratA A_1="1" A_2="0" A_3="N" A_4="8" A_5="6416" A_6="168" A_7="0" A_8="21" A_9="6416" A_10="32" A_11="6416" A_12="353" A_13="6416" A_14="674" A_20="6416"/>
	</asigurat>
	<asigurat cnpAsig="1900424020107" idAsig="14" numeAsig="CRAP" prenAsig="FLORIN COSTIN" dataAng="01.03.2010" casaSn="AR" asigCI="1" asigSO="1">
		<asiguratA A_1="1" A_2="0" A_3="N" A_4="8" A_5="1359" A_6="168" A_7="0" A_8="21" A_9="1359" A_10="7" A_11="1359" A_12="75" A_13="1359" A_14="143" A_20="1359"/>
	</asigurat>
</declaratieUnica>
