<?xml version="1.0" encoding="UTF-8"?><?xml-stylesheet type='text/xsl' href='_UpgradeReport_Files/UpgradeReport.xslt'?><UpgradeLog>
<Properties><Property Name="Solution" Value="DarumaFramework_CSharp">
</Property><Property Name="Solution File" Value="C:\Users\Aninha\Desktop\ExemploOficialModem\DarumaFrameWork_CSharp\DarumaFramework_CSharp.sln">
</Property><Property Name="Date" Value="terça-feira, 17 de agosto de 2010">
</Property><Property Name="Time" Value="21:39:17">
</Property></Properties><Event ErrorLevel="0" Project="DarumaFramework_CSharp" Source="DarumaFramework_CSharp.csproj" Description="Project file successfully backed up as C:\Users\Aninha\Desktop\ExemploOficialModem\DarumaFrameWork_CSharp\Backup\DarumaFramework_CSharp.csproj">
</Event><Event ErrorLevel="0" Project="DarumaFramework_CSharp" Source="DarumaFramework_Declaracoes_CSharp.cs" Description="File successfully backed up as C:\Users\Aninha\Desktop\ExemploOficialModem\DarumaFrameWork_CSharp\Backup\DarumaFramework_Declaracoes_CSharp.cs">
</Event><Event ErrorLevel="0" Project="DarumaFramework_CSharp" Source="FR_DarumaFramework_InputBox.cs" Description="File successfully backed up as C:\Users\Aninha\Desktop\ExemploOficialModem\DarumaFrameWork_CSharp\Backup\FR_DarumaFramework_InputBox.cs">
</Event><Event ErrorLevel="0" Project="DarumaFramework_CSharp" Source="FR_DarumaFramework_InputBox.Designer.cs" Description="File successfully backed up as C:\Users\Aninha\Desktop\ExemploOficialModem\DarumaFrameWork_CSharp\Backup\FR_DarumaFramework_InputBox.Designer.cs">
</Event><Event ErrorLevel="0" Project="DarumaFramework_CSharp" Source="FR_DarumaFramework_Principal.cs" Description="File successfully backed up as C:\Users\Aninha\Desktop\ExemploOficialModem\DarumaFrameWork_CSharp\Backup\FR_DarumaFramework_Principal.cs">
</Event><Event ErrorLevel="0" Project="DarumaFramework_CSharp" Source="FR_DarumaFramework_Principal.Designer.cs" Description="File successfully backed up as C:\Users\Aninha\Desktop\ExemploOficialModem\DarumaFrameWork_CSharp\Backup\FR_DarumaFramework_Principal.Designer.cs">
</Event><Event ErrorLevel="0" Project="DarumaFramework_CSharp" Source="FR_DARUMAFRAMEWORK_regRetornaValorChave_DarumaFramework.cs" Description="File successfully backed up as C:\Users\Aninha\Desktop\ExemploOficialModem\DarumaFrameWork_CSharp\Backup\FR_DARUMAFRAMEWORK_regRetornaValorChave_DarumaFramework.cs">
</Event><Event ErrorLevel="0" Project="DarumaFramework_CSharp" Source="FR_DARUMAFRAMEWORK_regRetornaValorChave_DarumaFramework.Designer.cs" Description="File successfully backed up as C:\Users\Aninha\Desktop\ExemploOficialModem\DarumaFrameWork_CSharp\Backup\FR_DARUMAFRAMEWORK_regRetornaValorChave_DarumaFramework.Designer.cs">
</Event><Event ErrorLevel="0" Project="DarumaFramework_CSharp" Source="FR_DUAL_menuExemplo4_comForumulario.cs" Description="File successfully backed up as C:\Users\Aninha\Desktop\ExemploOficialModem\DarumaFrameWork_CSharp\Backup\FR_DUAL_menuExemplo4_comForumulario.cs">
</Event><Event ErrorLevel="0" Project="DarumaFramework_CSharp" Source="FR_DUAL_menuExemplo4_comForumulario.Designer.cs" Description="File successfully backed up as C:\Users\Aninha\Desktop\ExemploOficialModem\DarumaFrameWork_CSharp\Backup\FR_DUAL_menuExemplo4_comForumulario.Designer.cs">
</Event><Event ErrorLevel="0" Project="DarumaFramework_CSharp" Source="FR_DUAL_menuTestes_LoopingStatus.cs" Description="File successfully backed up as C:\Users\Aninha\Desktop\ExemploOficialModem\DarumaFrameWork_CSharp\Backup\FR_DUAL_menuTestes_LoopingStatus.cs">
</Event><Event ErrorLevel="0" Project="DarumaFramework_CSharp" Source="FR_DUAL_menuTestes_LoopingStatus.Designer.cs" Description="File successfully backed up as C:\Users\Aninha\Desktop\ExemploOficialModem\DarumaFrameWork_CSharp\Backup\FR_DUAL_menuTestes_LoopingStatus.Designer.cs">
</Event><Event ErrorLevel="0" Project="DarumaFramework_CSharp" Source="FR_DUAL_menuTestes_LoopingStatusDocumento.cs" Description="File successfully backed up as C:\Users\Aninha\Desktop\ExemploOficialModem\DarumaFrameWork_CSharp\Backup\FR_DUAL_menuTestes_LoopingStatusDocumento.cs">
</Event><Event ErrorLevel="0" Project="DarumaFramework_CSharp" Source="FR_DUAL_menuTestes_LoopingStatusDocumento.Designer.cs" Description="File successfully backed up as C:\Users\Aninha\Desktop\ExemploOficialModem\DarumaFrameWork_CSharp\Backup\FR_DUAL_menuTestes_LoopingStatusDocumento.Designer.cs">
</Event><Event ErrorLevel="0" Project="DarumaFramework_CSharp" Source="FR_MenuImpressoraDual_Principal.cs" Description="File successfully backed up as C:\Users\Aninha\Desktop\ExemploOficialModem\DarumaFrameWork_CSharp\Backup\FR_MenuImpressoraDual_Principal.cs">
</Event><Event ErrorLevel="0" Project="DarumaFramework_CSharp" Source="FR_MenuImpressoraDual_Principal.Designer.cs" Description="File successfully backed up as C:\Users\Aninha\Desktop\ExemploOficialModem\DarumaFrameWork_CSharp\Backup\FR_MenuImpressoraDual_Principal.Designer.cs">
</Event><Event ErrorLevel="0" Project="DarumaFramework_CSharp" Source="FR_MenuTA2000_Principal.cs" Description="File successfully backed up as C:\Users\Aninha\Desktop\ExemploOficialModem\DarumaFrameWork_CSharp\Backup\FR_MenuTA2000_Principal.cs">
</Event><Event ErrorLevel="0" Project="DarumaFramework_CSharp" Source="FR_MenuTA2000_Principal.Designer.cs" Description="File successfully backed up as C:\Users\Aninha\Desktop\ExemploOficialModem\DarumaFrameWork_CSharp\Backup\FR_MenuTA2000_Principal.Designer.cs">
</Event><Event ErrorLevel="0" Project="DarumaFramework_CSharp" Source="FR_metodo_iAutenticarDocumento_DUAL_DarumaFramework.cs" Description="File successfully backed up as C:\Users\Aninha\Desktop\ExemploOficialModem\DarumaFrameWork_CSharp\Backup\FR_metodo_iAutenticarDocumento_DUAL_DarumaFramework.cs">
</Event><Event ErrorLevel="0" Project="DarumaFramework_CSharp" Source="FR_metodo_iAutenticarDocumento_DUAL_DarumaFramework.Designer.cs" Description="File successfully backed up as C:\Users\Aninha\Desktop\ExemploOficialModem\DarumaFrameWork_CSharp\Backup\FR_metodo_iAutenticarDocumento_DUAL_DarumaFramework.Designer.cs">
</Event><Event ErrorLevel="0" Project="DarumaFramework_CSharp" Source="FR_metodo_iImprimirTexto_DUAL_DarumaFramework.cs" Description="File successfully backed up as C:\Users\Aninha\Desktop\ExemploOficialModem\DarumaFrameWork_CSharp\Backup\FR_metodo_iImprimirTexto_DUAL_DarumaFramework.cs">
</Event><Event ErrorLevel="0" Project="DarumaFramework_CSharp" Source="FR_metodo_iImprimirTexto_DUAL_DarumaFramework.Designer.cs" Description="File successfully backed up as C:\Users\Aninha\Desktop\ExemploOficialModem\DarumaFrameWork_CSharp\Backup\FR_metodo_iImprimirTexto_DUAL_DarumaFramework.Designer.cs">
</Event><Event ErrorLevel="0" Project="DarumaFramework_CSharp" Source="FR_MenuMODEM_Principal.cs" Description="File successfully backed up as C:\Users\Aninha\Desktop\ExemploOficialModem\DarumaFrameWork_CSharp\Backup\FR_MenuMODEM_Principal.cs">
</Event><Event ErrorLevel="0" Project="DarumaFramework_CSharp" Source="FR_MenuMODEM_Principal.Designer.cs" Description="File successfully backed up as C:\Users\Aninha\Desktop\ExemploOficialModem\DarumaFrameWork_CSharp\Backup\FR_MenuMODEM_Principal.Designer.cs">
</Event><Event ErrorLevel="0" Project="DarumaFramework_CSharp" Source="FR_MODEM_fnApagar.cs" Description="File successfully backed up as C:\Users\Aninha\Desktop\ExemploOficialModem\DarumaFrameWork_CSharp\Backup\FR_MODEM_fnApagar.cs">
</Event><Event ErrorLevel="0" Project="DarumaFramework_CSharp" Source="FR_MODEM_fnApagar.Designer.cs" Description="File successfully backed up as C:\Users\Aninha\Desktop\ExemploOficialModem\DarumaFrameWork_CSharp\Backup\FR_MODEM_fnApagar.Designer.cs">
</Event><Event ErrorLevel="0" Project="DarumaFramework_CSharp" Source="FR_MODEM_rLerSMS.cs" Description="File successfully backed up as C:\Users\Aninha\Desktop\ExemploOficialModem\DarumaFrameWork_CSharp\Backup\FR_MODEM_rLerSMS.cs">
</Event><Event ErrorLevel="0" Project="DarumaFramework_CSharp" Source="FR_MODEM_rLerSMS.Designer.cs" Description="File successfully backed up as C:\Users\Aninha\Desktop\ExemploOficialModem\DarumaFrameWork_CSharp\Backup\FR_MODEM_rLerSMS.Designer.cs">
</Event><Event ErrorLevel="0" Project="DarumaFramework_CSharp" Source="FR_MODEM_rLerUltimoSMS.cs" Description="File successfully backed up as C:\Users\Aninha\Desktop\ExemploOficialModem\DarumaFrameWork_CSharp\Backup\FR_MODEM_rLerUltimoSMS.cs">
</Event><Event ErrorLevel="0" Project="DarumaFramework_CSharp" Source="FR_MODEM_rLerUltimoSMS.Designer.cs" Description="File successfully backed up as C:\Users\Aninha\Desktop\ExemploOficialModem\DarumaFrameWork_CSharp\Backup\FR_MODEM_rLerUltimoSMS.Designer.cs">
</Event><Event ErrorLevel="0" Project="DarumaFramework_CSharp" Source="FR_MODEM_tEnviarComando.cs" Description="File successfully backed up as C:\Users\Aninha\Desktop\ExemploOficialModem\DarumaFrameWork_CSharp\Backup\FR_MODEM_tEnviarComando.cs">
</Event><Event ErrorLevel="0" Project="DarumaFramework_CSharp" Source="FR_MODEM_tEnviarComando.Designer.cs" Description="File successfully backed up as C:\Users\Aninha\Desktop\ExemploOficialModem\DarumaFrameWork_CSharp\Backup\FR_MODEM_tEnviarComando.Designer.cs">
</Event><Event ErrorLevel="0" Project="DarumaFramework_CSharp" Source="FR_MODEM_tEnviarSMS.cs" Description="File successfully backed up as C:\Users\Aninha\Desktop\ExemploOficialModem\DarumaFrameWork_CSharp\Backup\FR_MODEM_tEnviarSMS.cs">
</Event><Event ErrorLevel="0" Project="DarumaFramework_CSharp" Source="FR_MODEM_tEnviarSMS.Designer.cs" Description="File successfully backed up as C:\Users\Aninha\Desktop\ExemploOficialModem\DarumaFrameWork_CSharp\Backup\FR_MODEM_tEnviarSMS.Designer.cs">
</Event><Event ErrorLevel="0" Project="DarumaFramework_CSharp" Source="Program.cs" Description="File successfully backed up as C:\Users\Aninha\Desktop\ExemploOficialModem\DarumaFrameWork_CSharp\Backup\Program.cs">
</Event><Event ErrorLevel="0" Project="DarumaFramework_CSharp" Source="Properties\AssemblyInfo.cs" Description="File successfully backed up as C:\Users\Aninha\Desktop\ExemploOficialModem\DarumaFrameWork_CSharp\Backup\Properties\AssemblyInfo.cs">
</Event><Event ErrorLevel="0" Project="DarumaFramework_CSharp" Source="Properties\Resources.Designer.cs" Description="File successfully backed up as C:\Users\Aninha\Desktop\ExemploOficialModem\DarumaFrameWork_CSharp\Backup\Properties\Resources.Designer.cs">
</Event><Event ErrorLevel="0" Project="DarumaFramework_CSharp" Source="Properties\Settings.Designer.cs" Description="File successfully backed up as C:\Users\Aninha\Desktop\ExemploOficialModem\DarumaFrameWork_CSharp\Backup\Properties\Settings.Designer.cs">
</Event><Event ErrorLevel="0" Project="DarumaFramework_CSharp" Source="Properties\Settings.settings" Description="File successfully backed up as C:\Users\Aninha\Desktop\ExemploOficialModem\DarumaFrameWork_CSharp\Backup\Properties\Settings.settings">
</Event><Event ErrorLevel="0" Project="DarumaFramework_CSharp" Source="ClassDiagram1.cd" Description="File successfully backed up as C:\Users\Aninha\Desktop\ExemploOficialModem\DarumaFrameWork_CSharp\Backup\ClassDiagram1.cd">
</Event><Event ErrorLevel="0" Project="DarumaFramework_CSharp" Source="Resources\logoDDCpeq2.jpg" Description="File successfully backed up as C:\Users\Aninha\Desktop\ExemploOficialModem\DarumaFrameWork_CSharp\Backup\Resources\logoDDCpeq2.jpg">
</Event><Event ErrorLevel="0" Project="DarumaFramework_CSharp" Source="FR_DarumaFramework_InputBox.resx" Description="File successfully backed up as C:\Users\Aninha\Desktop\ExemploOficialModem\DarumaFrameWork_CSharp\Backup\FR_DarumaFramework_InputBox.resx">
</Event><Event ErrorLevel="0" Project="DarumaFramework_CSharp" Source="FR_DarumaFramework_Principal.resx" Description="File successfully backed up as C:\Users\Aninha\Desktop\ExemploOficialModem\DarumaFrameWork_CSharp\Backup\FR_DarumaFramework_Principal.resx">
</Event><Event ErrorLevel="0" Project="DarumaFramework_CSharp" Source="FR_DARUMAFRAMEWORK_regRetornaValorChave_DarumaFramework.resx" Description="File successfully backed up as C:\Users\Aninha\Desktop\ExemploOficialModem\DarumaFrameWork_CSharp\Backup\FR_DARUMAFRAMEWORK_regRetornaValorChave_DarumaFramework.resx">
</Event><Event ErrorLevel="0" Project="DarumaFramework_CSharp" Source="FR_DUAL_menuExemplo4_comForumulario.resx" Description="File successfully backed up as C:\Users\Aninha\Desktop\ExemploOficialModem\DarumaFrameWork_CSharp\Backup\FR_DUAL_menuExemplo4_comForumulario.resx">
</Event><Event ErrorLevel="0" Project="DarumaFramework_CSharp" Source="FR_DUAL_menuTestes_LoopingStatus.resx" Description="File successfully backed up as C:\Users\Aninha\Desktop\ExemploOficialModem\DarumaFrameWork_CSharp\Backup\FR_DUAL_menuTestes_LoopingStatus.resx">
</Event><Event ErrorLevel="0" Project="DarumaFramework_CSharp" Source="FR_DUAL_menuTestes_LoopingStatusDocumento.resx" Description="File successfully backed up as C:\Users\Aninha\Desktop\ExemploOficialModem\DarumaFrameWork_CSharp\Backup\FR_DUAL_menuTestes_LoopingStatusDocumento.resx">
</Event><Event ErrorLevel="0" Project="DarumaFramework_CSharp" Source="FR_MenuImpressoraDual_Principal.resx" Description="File successfully backed up as C:\Users\Aninha\Desktop\ExemploOficialModem\DarumaFrameWork_CSharp\Backup\FR_MenuImpressoraDual_Principal.resx">
</Event><Event ErrorLevel="0" Project="DarumaFramework_CSharp" Source="FR_MenuTA2000_Principal.resx" Description="File successfully backed up as C:\Users\Aninha\Desktop\ExemploOficialModem\DarumaFrameWork_CSharp\Backup\FR_MenuTA2000_Principal.resx">
</Event><Event ErrorLevel="0" Project="DarumaFramework_CSharp" Source="FR_metodo_iAutenticarDocumento_DUAL_DarumaFramework.resx" Description="File successfully backed up as C:\Users\Aninha\Desktop\ExemploOficialModem\DarumaFrameWork_CSharp\Backup\FR_metodo_iAutenticarDocumento_DUAL_DarumaFramework.resx">
</Event><Event ErrorLevel="0" Project="DarumaFramework_CSharp" Source="FR_metodo_iImprimirTexto_DUAL_DarumaFramework.resx" Description="File successfully backed up as C:\Users\Aninha\Desktop\ExemploOficialModem\DarumaFrameWork_CSharp\Backup\FR_metodo_iImprimirTexto_DUAL_DarumaFramework.resx">
</Event><Event ErrorLevel="0" Project="DarumaFramework_CSharp" Source="FR_MenuMODEM_Principal.resx" Description="File successfully backed up as C:\Users\Aninha\Desktop\ExemploOficialModem\DarumaFrameWork_CSharp\Backup\FR_MenuMODEM_Principal.resx">
</Event><Event ErrorLevel="0" Project="DarumaFramework_CSharp" Source="FR_MODEM_fnApagar.resx" Description="File successfully backed up as C:\Users\Aninha\Desktop\ExemploOficialModem\DarumaFrameWork_CSharp\Backup\FR_MODEM_fnApagar.resx">
</Event><Event ErrorLevel="0" Project="DarumaFramework_CSharp" Source="FR_MODEM_rLerSMS.resx" Description="File successfully backed up as C:\Users\Aninha\Desktop\ExemploOficialModem\DarumaFrameWork_CSharp\Backup\FR_MODEM_rLerSMS.resx">
</Event><Event ErrorLevel="0" Project="DarumaFramework_CSharp" Source="FR_MODEM_rLerUltimoSMS.resx" Description="File successfully backed up as C:\Users\Aninha\Desktop\ExemploOficialModem\DarumaFrameWork_CSharp\Backup\FR_MODEM_rLerUltimoSMS.resx">
</Event><Event ErrorLevel="0" Project="DarumaFramework_CSharp" Source="FR_MODEM_tEnviarComando.resx" Description="File successfully backed up as C:\Users\Aninha\Desktop\ExemploOficialModem\DarumaFrameWork_CSharp\Backup\FR_MODEM_tEnviarComando.resx">
</Event><Event ErrorLevel="0" Project="DarumaFramework_CSharp" Source="FR_MODEM_tEnviarSMS.resx" Description="File successfully backed up as C:\Users\Aninha\Desktop\ExemploOficialModem\DarumaFrameWork_CSharp\Backup\FR_MODEM_tEnviarSMS.resx">
</Event><Event ErrorLevel="0" Project="DarumaFramework_CSharp" Source="Properties\Resources.resx" Description="File successfully backed up as C:\Users\Aninha\Desktop\ExemploOficialModem\DarumaFrameWork_CSharp\Backup\Properties\Resources.resx">
</Event><Event ErrorLevel="0" Project="DarumaFramework_CSharp" Source="DarumaFramework_CSharp.csproj" Description="Project converted successfully">
</Event><Event ErrorLevel="3" Project="DarumaFramework_CSharp" Source="DarumaFramework_CSharp.csproj" Description="Converted">
</Event><Event ErrorLevel="0" Project="DarumaFramework_CSharp" Source="DarumaFramework_CSharp.csproj" Description="Scan complete: Upgrade not required for project files.">
</Event></UpgradeLog>