<?xml version="1.0" encoding="UTF-8"?><?xml-stylesheet type='text/xsl' href='_UpgradeReport_Files/UpgradeReport.xslt'?><UpgradeLog>
<Properties><Property Name="Solution" Value="DarumaFramework_CSharp">
</Property><Property Name="Solution File" Value="D:\DARUMA\DFW\EXEMPLOS\DarumaFrameWork_CSharp\DarumaFrameWork_CSharp\DarumaFramework_CSharp.sln">
</Property><Property Name="User Options File" Value="D:\DARUMA\DFW\EXEMPLOS\DarumaFrameWork_CSharp\DarumaFrameWork_CSharp\DarumaFramework_CSharp.suo">
</Property><Property Name="Date" Value="quarta-feira, 20 de abril de 2011">
</Property><Property Name="Time" Value="19:00">
</Property><Property Name="Log Number" Value="3">
</Property></Properties><Event ErrorLevel="0" Project="" Source="DarumaFramework_CSharp.sln" Description="File successfully backed up as D:\DARUMA\DFW\EXEMPLOS\DarumaFrameWork_CSharp\DarumaFrameWork_CSharp\Backup2\DarumaFramework_CSharp.sln">
</Event><Event ErrorLevel="0" Project="" Source="DarumaFramework_CSharp.suo" Description="File successfully backed up as D:\DARUMA\DFW\EXEMPLOS\DarumaFrameWork_CSharp\DarumaFrameWork_CSharp\Backup2\DarumaFramework_CSharp.suo">
</Event><Event ErrorLevel="0" Project="DarumaFramework_CSharp" Source="DarumaFramework_CSharp.csproj" Description="Project file successfully backed up as D:\DARUMA\DFW\EXEMPLOS\DarumaFrameWork_CSharp\DarumaFrameWork_CSharp\Backup2\DarumaFramework_CSharp.csproj">
</Event><Event ErrorLevel="0" Project="DarumaFramework_CSharp" Source="DarumaFramework_Declaracoes_CSharp.cs" Description="File successfully backed up as D:\DARUMA\DFW\EXEMPLOS\DarumaFrameWork_CSharp\DarumaFrameWork_CSharp\Backup2\DarumaFramework_Declaracoes_CSharp.cs">
</Event><Event ErrorLevel="0" Project="DarumaFramework_CSharp" Source="FR_DarumaFramework_InputBox.cs" Description="File successfully backed up as D:\DARUMA\DFW\EXEMPLOS\DarumaFrameWork_CSharp\DarumaFrameWork_CSharp\Backup2\FR_DarumaFramework_InputBox.cs">
</Event><Event ErrorLevel="0" Project="DarumaFramework_CSharp" Source="FR_DarumaFramework_InputBox.Designer.cs" Description="File successfully backed up as D:\DARUMA\DFW\EXEMPLOS\DarumaFrameWork_CSharp\DarumaFrameWork_CSharp\Backup2\FR_DarumaFramework_InputBox.Designer.cs">
</Event><Event ErrorLevel="0" Project="DarumaFramework_CSharp" Source="FR_DarumaFramework_Principal.cs" Description="File successfully backed up as D:\DARUMA\DFW\EXEMPLOS\DarumaFrameWork_CSharp\DarumaFrameWork_CSharp\Backup2\FR_DarumaFramework_Principal.cs">
</Event><Event ErrorLevel="0" Project="DarumaFramework_CSharp" Source="FR_DarumaFramework_Principal.Designer.cs" Description="File successfully backed up as D:\DARUMA\DFW\EXEMPLOS\DarumaFrameWork_CSharp\DarumaFrameWork_CSharp\Backup2\FR_DarumaFramework_Principal.Designer.cs">
</Event><Event ErrorLevel="0" Project="DarumaFramework_CSharp" Source="FR_DARUMAFRAMEWORK_regRetornaValorChave_DarumaFramework.cs" Description="File successfully backed up as D:\DARUMA\DFW\EXEMPLOS\DarumaFrameWork_CSharp\DarumaFrameWork_CSharp\Backup2\FR_DARUMAFRAMEWORK_regRetornaValorChave_DarumaFramework.cs">
</Event><Event ErrorLevel="0" Project="DarumaFramework_CSharp" Source="FR_DARUMAFRAMEWORK_regRetornaValorChave_DarumaFramework.Designer.cs" Description="File successfully backed up as D:\DARUMA\DFW\EXEMPLOS\DarumaFrameWork_CSharp\DarumaFrameWork_CSharp\Backup2\FR_DARUMAFRAMEWORK_regRetornaValorChave_DarumaFramework.Designer.cs">
</Event><Event ErrorLevel="0" Project="DarumaFramework_CSharp" Source="FR_FISCAL_ArquivoMFD.cs" Description="File successfully backed up as D:\DARUMA\DFW\EXEMPLOS\DarumaFrameWork_CSharp\DarumaFrameWork_CSharp\Backup2\FR_FISCAL_ArquivoMFD.cs">
</Event><Event ErrorLevel="0" Project="DarumaFramework_CSharp" Source="FR_FISCAL_ArquivoMFD.Designer.cs" Description="File successfully backed up as D:\DARUMA\DFW\EXEMPLOS\DarumaFrameWork_CSharp\DarumaFrameWork_CSharp\Backup2\FR_FISCAL_ArquivoMFD.Designer.cs">
</Event><Event ErrorLevel="0" Project="DarumaFramework_CSharp" Source="FR_FISCAL_confCadastrarPadrao_ECF_Daruma.cs" Description="File successfully backed up as D:\DARUMA\DFW\EXEMPLOS\DarumaFrameWork_CSharp\DarumaFrameWork_CSharp\Backup2\FR_FISCAL_confCadastrarPadrao_ECF_Daruma.cs">
</Event><Event ErrorLevel="0" Project="DarumaFramework_CSharp" Source="FR_FISCAL_confCadastrarPadrao_ECF_Daruma.Designer.cs" Description="File successfully backed up as D:\DARUMA\DFW\EXEMPLOS\DarumaFrameWork_CSharp\DarumaFrameWork_CSharp\Backup2\FR_FISCAL_confCadastrarPadrao_ECF_Daruma.Designer.cs">
</Event><Event ErrorLevel="0" Project="DarumaFramework_CSharp" Source="FR_FISCAL_confCadastrar_ECF_Daruma.cs" Description="File successfully backed up as D:\DARUMA\DFW\EXEMPLOS\DarumaFrameWork_CSharp\DarumaFrameWork_CSharp\Backup2\FR_FISCAL_confCadastrar_ECF_Daruma.cs">
</Event><Event ErrorLevel="0" Project="DarumaFramework_CSharp" Source="FR_FISCAL_confCadastrar_ECF_Daruma.Designer.cs" Description="File successfully backed up as D:\DARUMA\DFW\EXEMPLOS\DarumaFrameWork_CSharp\DarumaFrameWork_CSharp\Backup2\FR_FISCAL_confCadastrar_ECF_Daruma.Designer.cs">
</Event><Event ErrorLevel="0" Project="DarumaFramework_CSharp" Source="FR_FISCAL_confCFBPProgramarUF_ECF_Daruma.cs" Description="File successfully backed up as D:\DARUMA\DFW\EXEMPLOS\DarumaFrameWork_CSharp\DarumaFrameWork_CSharp\Backup2\FR_FISCAL_confCFBPProgramarUF_ECF_Daruma.cs">
</Event><Event ErrorLevel="0" Project="DarumaFramework_CSharp" Source="FR_FISCAL_confCFBPProgramarUF_ECF_Daruma.Designer.cs" Description="File successfully backed up as D:\DARUMA\DFW\EXEMPLOS\DarumaFrameWork_CSharp\DarumaFrameWork_CSharp\Backup2\FR_FISCAL_confCFBPProgramarUF_ECF_Daruma.Designer.cs">
</Event><Event ErrorLevel="0" Project="DarumaFramework_CSharp" Source="FR_FISCAL_confProgramarAvancoPapel_ECF_Daruma.cs" Description="File successfully backed up as D:\DARUMA\DFW\EXEMPLOS\DarumaFrameWork_CSharp\DarumaFrameWork_CSharp\Backup2\FR_FISCAL_confProgramarAvancoPapel_ECF_Daruma.cs">
</Event><Event ErrorLevel="0" Project="DarumaFramework_CSharp" Source="FR_FISCAL_confProgramarAvancoPapel_ECF_Daruma.Designer.cs" Description="File successfully backed up as D:\DARUMA\DFW\EXEMPLOS\DarumaFrameWork_CSharp\DarumaFrameWork_CSharp\Backup2\FR_FISCAL_confProgramarAvancoPapel_ECF_Daruma.Designer.cs">
</Event><Event ErrorLevel="0" Project="DarumaFramework_CSharp" Source="FR_FISCAL_confProgramarIDLoja_ECF_Daruma.cs" Description="File successfully backed up as D:\DARUMA\DFW\EXEMPLOS\DarumaFrameWork_CSharp\DarumaFrameWork_CSharp\Backup2\FR_FISCAL_confProgramarIDLoja_ECF_Daruma.cs">
</Event><Event ErrorLevel="0" Project="DarumaFramework_CSharp" Source="FR_FISCAL_confProgramarIDLoja_ECF_Daruma.Designer.cs" Description="File successfully backed up as D:\DARUMA\DFW\EXEMPLOS\DarumaFrameWork_CSharp\DarumaFrameWork_CSharp\Backup2\FR_FISCAL_confProgramarIDLoja_ECF_Daruma.Designer.cs">
</Event><Event ErrorLevel="0" Project="DarumaFramework_CSharp" Source="FR_FISCAL_confProgramarOperador_ECF_Daruma.cs" Description="File successfully backed up as D:\DARUMA\DFW\EXEMPLOS\DarumaFrameWork_CSharp\DarumaFrameWork_CSharp\Backup2\FR_FISCAL_confProgramarOperador_ECF_Daruma.cs">
</Event><Event ErrorLevel="0" Project="DarumaFramework_CSharp" Source="FR_FISCAL_confProgramarOperador_ECF_Daruma.Designer.cs" Description="File successfully backed up as D:\DARUMA\DFW\EXEMPLOS\DarumaFrameWork_CSharp\DarumaFrameWork_CSharp\Backup2\FR_FISCAL_confProgramarOperador_ECF_Daruma.Designer.cs">
</Event><Event ErrorLevel="0" Project="DarumaFramework_CSharp" Source="FR_FISCAL_eAcionarGuilhotina_ECF_Daruma.cs" Description="File successfully backed up as D:\DARUMA\DFW\EXEMPLOS\DarumaFrameWork_CSharp\DarumaFrameWork_CSharp\Backup2\FR_FISCAL_eAcionarGuilhotina_ECF_Daruma.cs">
</Event><Event ErrorLevel="0" Project="DarumaFramework_CSharp" Source="FR_FISCAL_eAcionarGuilhotina_ECF_Daruma.Designer.cs" Description="File successfully backed up as D:\DARUMA\DFW\EXEMPLOS\DarumaFrameWork_CSharp\DarumaFrameWork_CSharp\Backup2\FR_FISCAL_eAcionarGuilhotina_ECF_Daruma.Designer.cs">
</Event><Event ErrorLevel="0" Project="DarumaFramework_CSharp" Source="FR_FISCAL_eTEF_EsperarArquivo_ECF_Daruma.cs" Description="File successfully backed up as D:\DARUMA\DFW\EXEMPLOS\DarumaFrameWork_CSharp\DarumaFrameWork_CSharp\Backup2\FR_FISCAL_eTEF_EsperarArquivo_ECF_Daruma.cs">
</Event><Event ErrorLevel="0" Project="DarumaFramework_CSharp" Source="FR_FISCAL_eTEF_EsperarArquivo_ECF_Daruma.Designer.cs" Description="File successfully backed up as D:\DARUMA\DFW\EXEMPLOS\DarumaFrameWork_CSharp\DarumaFrameWork_CSharp\Backup2\FR_FISCAL_eTEF_EsperarArquivo_ECF_Daruma.Designer.cs">
</Event><Event ErrorLevel="0" Project="DarumaFramework_CSharp" Source="FR_FISCAL_iCFBPAbrir_ECF_Daruma.cs" Description="File successfully backed up as D:\DARUMA\DFW\EXEMPLOS\DarumaFrameWork_CSharp\DarumaFrameWork_CSharp\Backup2\FR_FISCAL_iCFBPAbrir_ECF_Daruma.cs">
</Event><Event ErrorLevel="0" Project="DarumaFramework_CSharp" Source="FR_FISCAL_iCFBPAbrir_ECF_Daruma.Designer.cs" Description="File successfully backed up as D:\DARUMA\DFW\EXEMPLOS\DarumaFrameWork_CSharp\DarumaFrameWork_CSharp\Backup2\FR_FISCAL_iCFBPAbrir_ECF_Daruma.Designer.cs">
</Event><Event ErrorLevel="0" Project="DarumaFramework_CSharp" Source="FR_FISCAL_iCFBPVender_ECF_Daruma.cs" Description="File successfully backed up as D:\DARUMA\DFW\EXEMPLOS\DarumaFrameWork_CSharp\DarumaFrameWork_CSharp\Backup2\FR_FISCAL_iCFBPVender_ECF_Daruma.cs">
</Event><Event ErrorLevel="0" Project="DarumaFramework_CSharp" Source="FR_FISCAL_iCFBPVender_ECF_Daruma.Designer.cs" Description="File successfully backed up as D:\DARUMA\DFW\EXEMPLOS\DarumaFrameWork_CSharp\DarumaFrameWork_CSharp\Backup2\FR_FISCAL_iCFBPVender_ECF_Daruma.Designer.cs">
</Event><Event ErrorLevel="0" Project="DarumaFramework_CSharp" Source="FR_FISCAL_iCNFEncerrar_ECF_Daruma.cs" Description="File successfully backed up as D:\DARUMA\DFW\EXEMPLOS\DarumaFrameWork_CSharp\DarumaFrameWork_CSharp\Backup2\FR_FISCAL_iCNFEncerrar_ECF_Daruma.cs">
</Event><Event ErrorLevel="0" Project="DarumaFramework_CSharp" Source="FR_FISCAL_iCNFEncerrar_ECF_Daruma.Designer.cs" Description="File successfully backed up as D:\DARUMA\DFW\EXEMPLOS\DarumaFrameWork_CSharp\DarumaFrameWork_CSharp\Backup2\FR_FISCAL_iCNFEncerrar_ECF_Daruma.Designer.cs">
</Event><Event ErrorLevel="0" Project="DarumaFramework_CSharp" Source="FR_DUAL_menuExemplo4_comForumulario.cs" Description="File successfully backed up as D:\DARUMA\DFW\EXEMPLOS\DarumaFrameWork_CSharp\DarumaFrameWork_CSharp\Backup2\FR_DUAL_menuExemplo4_comForumulario.cs">
</Event><Event ErrorLevel="0" Project="DarumaFramework_CSharp" Source="FR_DUAL_menuExemplo4_comForumulario.Designer.cs" Description="File successfully backed up as D:\DARUMA\DFW\EXEMPLOS\DarumaFrameWork_CSharp\DarumaFrameWork_CSharp\Backup2\FR_DUAL_menuExemplo4_comForumulario.Designer.cs">
</Event><Event ErrorLevel="0" Project="DarumaFramework_CSharp" Source="FR_DUAL_menuTestes_LoopingStatus.cs" Description="File successfully backed up as D:\DARUMA\DFW\EXEMPLOS\DarumaFrameWork_CSharp\DarumaFrameWork_CSharp\Backup2\FR_DUAL_menuTestes_LoopingStatus.cs">
</Event><Event ErrorLevel="0" Project="DarumaFramework_CSharp" Source="FR_DUAL_menuTestes_LoopingStatus.Designer.cs" Description="File successfully backed up as D:\DARUMA\DFW\EXEMPLOS\DarumaFrameWork_CSharp\DarumaFrameWork_CSharp\Backup2\FR_DUAL_menuTestes_LoopingStatus.Designer.cs">
</Event><Event ErrorLevel="0" Project="DarumaFramework_CSharp" Source="FR_DUAL_menuTestes_LoopingStatusDocumento.cs" Description="File successfully backed up as D:\DARUMA\DFW\EXEMPLOS\DarumaFrameWork_CSharp\DarumaFrameWork_CSharp\Backup2\FR_DUAL_menuTestes_LoopingStatusDocumento.cs">
</Event><Event ErrorLevel="0" Project="DarumaFramework_CSharp" Source="FR_DUAL_menuTestes_LoopingStatusDocumento.Designer.cs" Description="File successfully backed up as D:\DARUMA\DFW\EXEMPLOS\DarumaFrameWork_CSharp\DarumaFrameWork_CSharp\Backup2\FR_DUAL_menuTestes_LoopingStatusDocumento.Designer.cs">
</Event><Event ErrorLevel="0" Project="DarumaFramework_CSharp" Source="FR_FISCAL_iCCDAbrirSimplificado_ECF_Daruma.cs" Description="File successfully backed up as D:\DARUMA\DFW\EXEMPLOS\DarumaFrameWork_CSharp\DarumaFrameWork_CSharp\Backup2\FR_FISCAL_iCCDAbrirSimplificado_ECF_Daruma.cs">
</Event><Event ErrorLevel="0" Project="DarumaFramework_CSharp" Source="FR_FISCAL_iCCDAbrirSimplificado_ECF_Daruma.Designer.cs" Description="File successfully backed up as D:\DARUMA\DFW\EXEMPLOS\DarumaFrameWork_CSharp\DarumaFrameWork_CSharp\Backup2\FR_FISCAL_iCCDAbrirSimplificado_ECF_Daruma.Designer.cs">
</Event><Event ErrorLevel="0" Project="DarumaFramework_CSharp" Source="FR_FISCAL_iCCDAbrir_ECF_Daruma.cs" Description="File successfully backed up as D:\DARUMA\DFW\EXEMPLOS\DarumaFrameWork_CSharp\DarumaFrameWork_CSharp\Backup2\FR_FISCAL_iCCDAbrir_ECF_Daruma.cs">
</Event><Event ErrorLevel="0" Project="DarumaFramework_CSharp" Source="FR_FISCAL_iCCDAbrir_ECF_Daruma.Designer.cs" Description="File successfully backed up as D:\DARUMA\DFW\EXEMPLOS\DarumaFrameWork_CSharp\DarumaFrameWork_CSharp\Backup2\FR_FISCAL_iCCDAbrir_ECF_Daruma.Designer.cs">
</Event><Event ErrorLevel="0" Project="DarumaFramework_CSharp" Source="FR_FISCAL_iCCDEstornar_ECF_Daruma.cs" Description="File successfully backed up as D:\DARUMA\DFW\EXEMPLOS\DarumaFrameWork_CSharp\DarumaFrameWork_CSharp\Backup2\FR_FISCAL_iCCDEstornar_ECF_Daruma.cs">
</Event><Event ErrorLevel="0" Project="DarumaFramework_CSharp" Source="FR_FISCAL_iCCDEstornar_ECF_Daruma.Designer.cs" Description="File successfully backed up as D:\DARUMA\DFW\EXEMPLOS\DarumaFrameWork_CSharp\DarumaFrameWork_CSharp\Backup2\FR_FISCAL_iCCDEstornar_ECF_Daruma.Designer.cs">
</Event><Event ErrorLevel="0" Project="DarumaFramework_CSharp" Source="FR_FISCAL_iCCDImprimirArquivo_ECF_Daruma.cs" Description="File successfully backed up as D:\DARUMA\DFW\EXEMPLOS\DarumaFrameWork_CSharp\DarumaFrameWork_CSharp\Backup2\FR_FISCAL_iCCDImprimirArquivo_ECF_Daruma.cs">
</Event><Event ErrorLevel="0" Project="DarumaFramework_CSharp" Source="FR_FISCAL_iCCDImprimirArquivo_ECF_Daruma.Designer.cs" Description="File successfully backed up as D:\DARUMA\DFW\EXEMPLOS\DarumaFrameWork_CSharp\DarumaFrameWork_CSharp\Backup2\FR_FISCAL_iCCDImprimirArquivo_ECF_Daruma.Designer.cs">
</Event><Event ErrorLevel="0" Project="DarumaFramework_CSharp" Source="FR_FISCAL_iCCDImprimirTexto_ECF_Daruma.cs" Description="File successfully backed up as D:\DARUMA\DFW\EXEMPLOS\DarumaFrameWork_CSharp\DarumaFrameWork_CSharp\Backup2\FR_FISCAL_iCCDImprimirTexto_ECF_Daruma.cs">
</Event><Event ErrorLevel="0" Project="DarumaFramework_CSharp" Source="FR_FISCAL_iCCDImprimirTexto_ECF_Daruma.Designer.cs" Description="File successfully backed up as D:\DARUMA\DFW\EXEMPLOS\DarumaFrameWork_CSharp\DarumaFrameWork_CSharp\Backup2\FR_FISCAL_iCCDImprimirTexto_ECF_Daruma.Designer.cs">
</Event><Event ErrorLevel="0" Project="DarumaFramework_CSharp" Source="FR_FISCAL_iCFAbrir_ECF_Daruma.cs" Description="File successfully backed up as D:\DARUMA\DFW\EXEMPLOS\DarumaFrameWork_CSharp\DarumaFrameWork_CSharp\Backup2\FR_FISCAL_iCFAbrir_ECF_Daruma.cs">
</Event><Event ErrorLevel="0" Project="DarumaFramework_CSharp" Source="FR_FISCAL_iCFAbrir_ECF_Daruma.Designer.cs" Description="File successfully backed up as D:\DARUMA\DFW\EXEMPLOS\DarumaFrameWork_CSharp\DarumaFrameWork_CSharp\Backup2\FR_FISCAL_iCFAbrir_ECF_Daruma.Designer.cs">
</Event><Event ErrorLevel="0" Project="DarumaFramework_CSharp" Source="FR_FISCAL_iCFCancelarDescontoItem_ECF.cs" Description="File successfully backed up as D:\DARUMA\DFW\EXEMPLOS\DarumaFrameWork_CSharp\DarumaFrameWork_CSharp\Backup2\FR_FISCAL_iCFCancelarDescontoItem_ECF.cs">
</Event><Event ErrorLevel="0" Project="DarumaFramework_CSharp" Source="FR_FISCAL_iCFCancelarDescontoItem_ECF.Designer.cs" Description="File successfully backed up as D:\DARUMA\DFW\EXEMPLOS\DarumaFrameWork_CSharp\DarumaFrameWork_CSharp\Backup2\FR_FISCAL_iCFCancelarDescontoItem_ECF.Designer.cs">
</Event><Event ErrorLevel="0" Project="DarumaFramework_CSharp" Source="FR_FISCAL_iCFCancelarItemParcial_ECF.cs" Description="File successfully backed up as D:\DARUMA\DFW\EXEMPLOS\DarumaFrameWork_CSharp\DarumaFrameWork_CSharp\Backup2\FR_FISCAL_iCFCancelarItemParcial_ECF.cs">
</Event><Event ErrorLevel="0" Project="DarumaFramework_CSharp" Source="FR_FISCAL_iCFCancelarItemParcial_ECF.Designer.cs" Description="File successfully backed up as D:\DARUMA\DFW\EXEMPLOS\DarumaFrameWork_CSharp\DarumaFrameWork_CSharp\Backup2\FR_FISCAL_iCFCancelarItemParcial_ECF.Designer.cs">
</Event><Event ErrorLevel="0" Project="DarumaFramework_CSharp" Source="FR_FISCAL_iCFCancelarItem_ECF_Daruma.cs" Description="File successfully backed up as D:\DARUMA\DFW\EXEMPLOS\DarumaFrameWork_CSharp\DarumaFrameWork_CSharp\Backup2\FR_FISCAL_iCFCancelarItem_ECF_Daruma.cs">
</Event><Event ErrorLevel="0" Project="DarumaFramework_CSharp" Source="FR_FISCAL_iCFCancelarItem_ECF_Daruma.Designer.cs" Description="File successfully backed up as D:\DARUMA\DFW\EXEMPLOS\DarumaFrameWork_CSharp\DarumaFrameWork_CSharp\Backup2\FR_FISCAL_iCFCancelarItem_ECF_Daruma.Designer.cs">
</Event><Event ErrorLevel="0" Project="DarumaFramework_CSharp" Source="FR_FISCAL_iCFCancelarUltimoItemParcial_ECF.cs" Description="File successfully backed up as D:\DARUMA\DFW\EXEMPLOS\DarumaFrameWork_CSharp\DarumaFrameWork_CSharp\Backup2\FR_FISCAL_iCFCancelarUltimoItemParcial_ECF.cs">
</Event><Event ErrorLevel="0" Project="DarumaFramework_CSharp" Source="FR_FISCAL_iCFCancelarUltimoItemParcial_ECF.Designer.cs" Description="File successfully backed up as D:\DARUMA\DFW\EXEMPLOS\DarumaFrameWork_CSharp\DarumaFrameWork_CSharp\Backup2\FR_FISCAL_iCFCancelarUltimoItemParcial_ECF.Designer.cs">
</Event><Event ErrorLevel="0" Project="DarumaFramework_CSharp" Source="FR_FISCAL_iCFEfetuarPagamentoFormatado_ECF.cs" Description="File successfully backed up as D:\DARUMA\DFW\EXEMPLOS\DarumaFrameWork_CSharp\DarumaFrameWork_CSharp\Backup2\FR_FISCAL_iCFEfetuarPagamentoFormatado_ECF.cs">
</Event><Event ErrorLevel="0" Project="DarumaFramework_CSharp" Source="FR_FISCAL_iCFEfetuarPagamentoFormatado_ECF.Designer.cs" Description="File successfully backed up as D:\DARUMA\DFW\EXEMPLOS\DarumaFrameWork_CSharp\DarumaFrameWork_CSharp\Backup2\FR_FISCAL_iCFEfetuarPagamentoFormatado_ECF.Designer.cs">
</Event><Event ErrorLevel="0" Project="DarumaFramework_CSharp" Source="FR_FISCAL_iCFEfetuarPagamento_ECF_Daruma.cs" Description="File successfully backed up as D:\DARUMA\DFW\EXEMPLOS\DarumaFrameWork_CSharp\DarumaFrameWork_CSharp\Backup2\FR_FISCAL_iCFEfetuarPagamento_ECF_Daruma.cs">
</Event><Event ErrorLevel="0" Project="DarumaFramework_CSharp" Source="FR_FISCAL_iCFEfetuarPagamento_ECF_Daruma.Designer.cs" Description="File successfully backed up as D:\DARUMA\DFW\EXEMPLOS\DarumaFrameWork_CSharp\DarumaFrameWork_CSharp\Backup2\FR_FISCAL_iCFEfetuarPagamento_ECF_Daruma.Designer.cs">
</Event><Event ErrorLevel="0" Project="DarumaFramework_CSharp" Source="FR_FISCAL_iCFEncerrarConfigMsg_ECF_Daruma.cs" Description="File successfully backed up as D:\DARUMA\DFW\EXEMPLOS\DarumaFrameWork_CSharp\DarumaFrameWork_CSharp\Backup2\FR_FISCAL_iCFEncerrarConfigMsg_ECF_Daruma.cs">
</Event><Event ErrorLevel="0" Project="DarumaFramework_CSharp" Source="FR_FISCAL_iCFEncerrarConfigMsg_ECF_Daruma.Designer.cs" Description="File successfully backed up as D:\DARUMA\DFW\EXEMPLOS\DarumaFrameWork_CSharp\DarumaFrameWork_CSharp\Backup2\FR_FISCAL_iCFEncerrarConfigMsg_ECF_Daruma.Designer.cs">
</Event><Event ErrorLevel="0" Project="DarumaFramework_CSharp" Source="FR_FISCAL_iCFEncerrar_ECF_Daruma.cs" Description="File successfully backed up as D:\DARUMA\DFW\EXEMPLOS\DarumaFrameWork_CSharp\DarumaFrameWork_CSharp\Backup2\FR_FISCAL_iCFEncerrar_ECF_Daruma.cs">
</Event><Event ErrorLevel="0" Project="DarumaFramework_CSharp" Source="FR_FISCAL_iCFEncerrar_ECF_Daruma.Designer.cs" Description="File successfully backed up as D:\DARUMA\DFW\EXEMPLOS\DarumaFrameWork_CSharp\DarumaFrameWork_CSharp\Backup2\FR_FISCAL_iCFEncerrar_ECF_Daruma.Designer.cs">
</Event><Event ErrorLevel="0" Project="DarumaFramework_CSharp" Source="FR_FISCAL_iCFIdentificarConsumidor_ECF.cs" Description="File successfully backed up as D:\DARUMA\DFW\EXEMPLOS\DarumaFrameWork_CSharp\DarumaFrameWork_CSharp\Backup2\FR_FISCAL_iCFIdentificarConsumidor_ECF.cs">
</Event><Event ErrorLevel="0" Project="DarumaFramework_CSharp" Source="FR_FISCAL_iCFIdentificarConsumidor_ECF.Designer.cs" Description="File successfully backed up as D:\DARUMA\DFW\EXEMPLOS\DarumaFrameWork_CSharp\DarumaFrameWork_CSharp\Backup2\FR_FISCAL_iCFIdentificarConsumidor_ECF.Designer.cs">
</Event><Event ErrorLevel="0" Project="DarumaFramework_CSharp" Source="FR_FISCAL_iCFLancarAcrescimoItem_ECF.cs" Description="File successfully backed up as D:\DARUMA\DFW\EXEMPLOS\DarumaFrameWork_CSharp\DarumaFrameWork_CSharp\Backup2\FR_FISCAL_iCFLancarAcrescimoItem_ECF.cs">
</Event><Event ErrorLevel="0" Project="DarumaFramework_CSharp" Source="FR_FISCAL_iCFLancarAcrescimoItem_ECF.Designer.cs" Description="File successfully backed up as D:\DARUMA\DFW\EXEMPLOS\DarumaFrameWork_CSharp\DarumaFrameWork_CSharp\Backup2\FR_FISCAL_iCFLancarAcrescimoItem_ECF.Designer.cs">
</Event><Event ErrorLevel="0" Project="DarumaFramework_CSharp" Source="FR_FISCAL_iCFLancarAcrescimoUltimoItem_ECF.cs" Description="File successfully backed up as D:\DARUMA\DFW\EXEMPLOS\DarumaFrameWork_CSharp\DarumaFrameWork_CSharp\Backup2\FR_FISCAL_iCFLancarAcrescimoUltimoItem_ECF.cs">
</Event><Event ErrorLevel="0" Project="DarumaFramework_CSharp" Source="FR_FISCAL_iCFLancarAcrescimoUltimoItem_ECF.Designer.cs" Description="File successfully backed up as D:\DARUMA\DFW\EXEMPLOS\DarumaFrameWork_CSharp\DarumaFrameWork_CSharp\Backup2\FR_FISCAL_iCFLancarAcrescimoUltimoItem_ECF.Designer.cs">
</Event><Event ErrorLevel="0" Project="DarumaFramework_CSharp" Source="FR_FISCAL_iCFLancarDescontoItem_ECF_Daruma.cs" Description="File successfully backed up as D:\DARUMA\DFW\EXEMPLOS\DarumaFrameWork_CSharp\DarumaFrameWork_CSharp\Backup2\FR_FISCAL_iCFLancarDescontoItem_ECF_Daruma.cs">
</Event><Event ErrorLevel="0" Project="DarumaFramework_CSharp" Source="FR_FISCAL_iCFLancarDescontoItem_ECF_Daruma.Designer.cs" Description="File successfully backed up as D:\DARUMA\DFW\EXEMPLOS\DarumaFrameWork_CSharp\DarumaFrameWork_CSharp\Backup2\FR_FISCAL_iCFLancarDescontoItem_ECF_Daruma.Designer.cs">
</Event><Event ErrorLevel="0" Project="DarumaFramework_CSharp" Source="FR_FISCAL_iCFLancarDescontoUltimoItem_ECF.cs" Description="File successfully backed up as D:\DARUMA\DFW\EXEMPLOS\DarumaFrameWork_CSharp\DarumaFrameWork_CSharp\Backup2\FR_FISCAL_iCFLancarDescontoUltimoItem_ECF.cs">
</Event><Event ErrorLevel="0" Project="DarumaFramework_CSharp" Source="FR_FISCAL_iCFLancarDescontoUltimoItem_ECF.Designer.cs" Description="File successfully backed up as D:\DARUMA\DFW\EXEMPLOS\DarumaFrameWork_CSharp\DarumaFrameWork_CSharp\Backup2\FR_FISCAL_iCFLancarDescontoUltimoItem_ECF.Designer.cs">
</Event><Event ErrorLevel="0" Project="DarumaFramework_CSharp" Source="FR_FISCAL_iCFTotalizarCupom_ECF_Daruma.cs" Description="File successfully backed up as D:\DARUMA\DFW\EXEMPLOS\DarumaFrameWork_CSharp\DarumaFrameWork_CSharp\Backup2\FR_FISCAL_iCFTotalizarCupom_ECF_Daruma.cs">
</Event><Event ErrorLevel="0" Project="DarumaFramework_CSharp" Source="FR_FISCAL_iCFTotalizarCupom_ECF_Daruma.Designer.cs" Description="File successfully backed up as D:\DARUMA\DFW\EXEMPLOS\DarumaFrameWork_CSharp\DarumaFrameWork_CSharp\Backup2\FR_FISCAL_iCFTotalizarCupom_ECF_Daruma.Designer.cs">
</Event><Event ErrorLevel="0" Project="DarumaFramework_CSharp" Source="FR_FISCAL_iCFVenderResumido_ECF_Daruma.cs" Description="File successfully backed up as D:\DARUMA\DFW\EXEMPLOS\DarumaFrameWork_CSharp\DarumaFrameWork_CSharp\Backup2\FR_FISCAL_iCFVenderResumido_ECF_Daruma.cs">
</Event><Event ErrorLevel="0" Project="DarumaFramework_CSharp" Source="FR_FISCAL_iCFVenderResumido_ECF_Daruma.Designer.cs" Description="File successfully backed up as D:\DARUMA\DFW\EXEMPLOS\DarumaFrameWork_CSharp\DarumaFrameWork_CSharp\Backup2\FR_FISCAL_iCFVenderResumido_ECF_Daruma.Designer.cs">
</Event><Event ErrorLevel="0" Project="DarumaFramework_CSharp" Source="FR_FISCAL_iCFVenderSemDesc_ECF_Daruma.cs" Description="File successfully backed up as D:\DARUMA\DFW\EXEMPLOS\DarumaFrameWork_CSharp\DarumaFrameWork_CSharp\Backup2\FR_FISCAL_iCFVenderSemDesc_ECF_Daruma.cs">
</Event><Event ErrorLevel="0" Project="DarumaFramework_CSharp" Source="FR_FISCAL_iCFVenderSemDesc_ECF_Daruma.Designer.cs" Description="File successfully backed up as D:\DARUMA\DFW\EXEMPLOS\DarumaFrameWork_CSharp\DarumaFrameWork_CSharp\Backup2\FR_FISCAL_iCFVenderSemDesc_ECF_Daruma.Designer.cs">
</Event><Event ErrorLevel="0" Project="DarumaFramework_CSharp" Source="FR_FISCAL_iCFVender_ECF_Daruma.cs" Description="File successfully backed up as D:\DARUMA\DFW\EXEMPLOS\DarumaFrameWork_CSharp\DarumaFrameWork_CSharp\Backup2\FR_FISCAL_iCFVender_ECF_Daruma.cs">
</Event><Event ErrorLevel="0" Project="DarumaFramework_CSharp" Source="FR_FISCAL_iCFVender_ECF_Daruma.Designer.cs" Description="File successfully backed up as D:\DARUMA\DFW\EXEMPLOS\DarumaFrameWork_CSharp\DarumaFrameWork_CSharp\Backup2\FR_FISCAL_iCFVender_ECF_Daruma.Designer.cs">
</Event><Event ErrorLevel="0" Project="DarumaFramework_CSharp" Source="FR_FISCAL_iCNFAbrir_ECF_Daruma.cs" Description="File successfully backed up as D:\DARUMA\DFW\EXEMPLOS\DarumaFrameWork_CSharp\DarumaFrameWork_CSharp\Backup2\FR_FISCAL_iCNFAbrir_ECF_Daruma.cs">
</Event><Event ErrorLevel="0" Project="DarumaFramework_CSharp" Source="FR_FISCAL_iCNFAbrir_ECF_Daruma.Designer.cs" Description="File successfully backed up as D:\DARUMA\DFW\EXEMPLOS\DarumaFrameWork_CSharp\DarumaFrameWork_CSharp\Backup2\FR_FISCAL_iCNFAbrir_ECF_Daruma.Designer.cs">
</Event><Event ErrorLevel="0" Project="DarumaFramework_CSharp" Source="FR_FISCAL_iCNFCancelarAcrescimoItem_ECF_Daruma.cs" Description="File successfully backed up as D:\DARUMA\DFW\EXEMPLOS\DarumaFrameWork_CSharp\DarumaFrameWork_CSharp\Backup2\FR_FISCAL_iCNFCancelarAcrescimoItem_ECF_Daruma.cs">
</Event><Event ErrorLevel="0" Project="DarumaFramework_CSharp" Source="FR_FISCAL_iCNFCancelarAcrescimoItem_ECF_Daruma.Designer.cs" Description="File successfully backed up as D:\DARUMA\DFW\EXEMPLOS\DarumaFrameWork_CSharp\DarumaFrameWork_CSharp\Backup2\FR_FISCAL_iCNFCancelarAcrescimoItem_ECF_Daruma.Designer.cs">
</Event><Event ErrorLevel="0" Project="DarumaFramework_CSharp" Source="FR_FISCAL_iCNFCancelarDescontoItem_ECF_Daruma.cs" Description="File successfully backed up as D:\DARUMA\DFW\EXEMPLOS\DarumaFrameWork_CSharp\DarumaFrameWork_CSharp\Backup2\FR_FISCAL_iCNFCancelarDescontoItem_ECF_Daruma.cs">
</Event><Event ErrorLevel="0" Project="DarumaFramework_CSharp" Source="FR_FISCAL_iCNFCancelarDescontoItem_ECF_Daruma.Designer.cs" Description="File successfully backed up as D:\DARUMA\DFW\EXEMPLOS\DarumaFrameWork_CSharp\DarumaFrameWork_CSharp\Backup2\FR_FISCAL_iCNFCancelarDescontoItem_ECF_Daruma.Designer.cs">
</Event><Event ErrorLevel="0" Project="DarumaFramework_CSharp" Source="FR_FISCAL_iCNFCancelarItem_ECF_Daruma.cs" Description="File successfully backed up as D:\DARUMA\DFW\EXEMPLOS\DarumaFrameWork_CSharp\DarumaFrameWork_CSharp\Backup2\FR_FISCAL_iCNFCancelarItem_ECF_Daruma.cs">
</Event><Event ErrorLevel="0" Project="DarumaFramework_CSharp" Source="FR_FISCAL_iCNFCancelarItem_ECF_Daruma.Designer.cs" Description="File successfully backed up as D:\DARUMA\DFW\EXEMPLOS\DarumaFrameWork_CSharp\DarumaFrameWork_CSharp\Backup2\FR_FISCAL_iCNFCancelarItem_ECF_Daruma.Designer.cs">
</Event><Event ErrorLevel="0" Project="DarumaFramework_CSharp" Source="FR_FISCAL_iCNFEfetuarPagamentoFormatado_ECF_Daruma.cs" Description="File successfully backed up as D:\DARUMA\DFW\EXEMPLOS\DarumaFrameWork_CSharp\DarumaFrameWork_CSharp\Backup2\FR_FISCAL_iCNFEfetuarPagamentoFormatado_ECF_Daruma.cs">
</Event><Event ErrorLevel="0" Project="DarumaFramework_CSharp" Source="FR_FISCAL_iCNFEfetuarPagamentoFormatado_ECF_Daruma.Designer.cs" Description="File successfully backed up as D:\DARUMA\DFW\EXEMPLOS\DarumaFrameWork_CSharp\DarumaFrameWork_CSharp\Backup2\FR_FISCAL_iCNFEfetuarPagamentoFormatado_ECF_Daruma.Designer.cs">
</Event><Event ErrorLevel="0" Project="DarumaFramework_CSharp" Source="FR_FISCAL_iCNFEfetuarPagamento_ECF_Daruma.cs" Description="File successfully backed up as D:\DARUMA\DFW\EXEMPLOS\DarumaFrameWork_CSharp\DarumaFrameWork_CSharp\Backup2\FR_FISCAL_iCNFEfetuarPagamento_ECF_Daruma.cs">
</Event><Event ErrorLevel="0" Project="DarumaFramework_CSharp" Source="FR_FISCAL_iCNFEfetuarPagamento_ECF_Daruma.Designer.cs" Description="File successfully backed up as D:\DARUMA\DFW\EXEMPLOS\DarumaFrameWork_CSharp\DarumaFrameWork_CSharp\Backup2\FR_FISCAL_iCNFEfetuarPagamento_ECF_Daruma.Designer.cs">
</Event><Event ErrorLevel="0" Project="DarumaFramework_CSharp" Source="FR_FISCAL_iCNFReceberSemDesc_ECF_Daruma.cs" Description="File successfully backed up as D:\DARUMA\DFW\EXEMPLOS\DarumaFrameWork_CSharp\DarumaFrameWork_CSharp\Backup2\FR_FISCAL_iCNFReceberSemDesc_ECF_Daruma.cs">
</Event><Event ErrorLevel="0" Project="DarumaFramework_CSharp" Source="FR_FISCAL_iCNFReceberSemDesc_ECF_Daruma.Designer.cs" Description="File successfully backed up as D:\DARUMA\DFW\EXEMPLOS\DarumaFrameWork_CSharp\DarumaFrameWork_CSharp\Backup2\FR_FISCAL_iCNFReceberSemDesc_ECF_Daruma.Designer.cs">
</Event><Event ErrorLevel="0" Project="DarumaFramework_CSharp" Source="FR_FISCAL_iCNFReceber_ECF_Daruma.cs" Description="File successfully backed up as D:\DARUMA\DFW\EXEMPLOS\DarumaFrameWork_CSharp\DarumaFrameWork_CSharp\Backup2\FR_FISCAL_iCNFReceber_ECF_Daruma.cs">
</Event><Event ErrorLevel="0" Project="DarumaFramework_CSharp" Source="FR_FISCAL_iCNFReceber_ECF_Daruma.Designer.cs" Description="File successfully backed up as D:\DARUMA\DFW\EXEMPLOS\DarumaFrameWork_CSharp\DarumaFrameWork_CSharp\Backup2\FR_FISCAL_iCNFReceber_ECF_Daruma.Designer.cs">
</Event><Event ErrorLevel="0" Project="DarumaFramework_CSharp" Source="FR_FISCAL_iCNFTotalizarComprovante_ECF_Daruma.cs" Description="File successfully backed up as D:\DARUMA\DFW\EXEMPLOS\DarumaFrameWork_CSharp\DarumaFrameWork_CSharp\Backup2\FR_FISCAL_iCNFTotalizarComprovante_ECF_Daruma.cs">
</Event><Event ErrorLevel="0" Project="DarumaFramework_CSharp" Source="FR_FISCAL_iCNFTotalizarComprovante_ECF_Daruma.Designer.cs" Description="File successfully backed up as D:\DARUMA\DFW\EXEMPLOS\DarumaFrameWork_CSharp\DarumaFrameWork_CSharp\Backup2\FR_FISCAL_iCNFTotalizarComprovante_ECF_Daruma.Designer.cs">
</Event><Event ErrorLevel="0" Project="DarumaFramework_CSharp" Source="FR_FISCAL_iImprimirCodigoBarras_ECF_Daruma.cs" Description="File successfully backed up as D:\DARUMA\DFW\EXEMPLOS\DarumaFrameWork_CSharp\DarumaFrameWork_CSharp\Backup2\FR_FISCAL_iImprimirCodigoBarras_ECF_Daruma.cs">
</Event><Event ErrorLevel="0" Project="DarumaFramework_CSharp" Source="FR_FISCAL_iImprimirCodigoBarras_ECF_Daruma.Designer.cs" Description="File successfully backed up as D:\DARUMA\DFW\EXEMPLOS\DarumaFrameWork_CSharp\DarumaFrameWork_CSharp\Backup2\FR_FISCAL_iImprimirCodigoBarras_ECF_Daruma.Designer.cs">
</Event><Event ErrorLevel="0" Project="DarumaFramework_CSharp" Source="FR_FISCAL_iMFLerSerial_ECF_Daruma.cs" Description="File successfully backed up as D:\DARUMA\DFW\EXEMPLOS\DarumaFrameWork_CSharp\DarumaFrameWork_CSharp\Backup2\FR_FISCAL_iMFLerSerial_ECF_Daruma.cs">
</Event><Event ErrorLevel="0" Project="DarumaFramework_CSharp" Source="FR_FISCAL_iMFLerSerial_ECF_Daruma.Designer.cs" Description="File successfully backed up as D:\DARUMA\DFW\EXEMPLOS\DarumaFrameWork_CSharp\DarumaFrameWork_CSharp\Backup2\FR_FISCAL_iMFLerSerial_ECF_Daruma.Designer.cs">
</Event><Event ErrorLevel="0" Project="DarumaFramework_CSharp" Source="FR_FISCAL_iMFLer_ECF_Daruma.cs" Description="File successfully backed up as D:\DARUMA\DFW\EXEMPLOS\DarumaFrameWork_CSharp\DarumaFrameWork_CSharp\Backup2\FR_FISCAL_iMFLer_ECF_Daruma.cs">
</Event><Event ErrorLevel="0" Project="DarumaFramework_CSharp" Source="FR_FISCAL_iMFLer_ECF_Daruma.Designer.cs" Description="File successfully backed up as D:\DARUMA\DFW\EXEMPLOS\DarumaFrameWork_CSharp\DarumaFrameWork_CSharp\Backup2\FR_FISCAL_iMFLer_ECF_Daruma.Designer.cs">
</Event><Event ErrorLevel="0" Project="DarumaFramework_CSharp" Source="FR_FISCAL_iRGAbrirIndice_ECF_Daruma.cs" Description="File successfully backed up as D:\DARUMA\DFW\EXEMPLOS\DarumaFrameWork_CSharp\DarumaFrameWork_CSharp\Backup2\FR_FISCAL_iRGAbrirIndice_ECF_Daruma.cs">
</Event><Event ErrorLevel="0" Project="DarumaFramework_CSharp" Source="FR_FISCAL_iRGAbrirIndice_ECF_Daruma.Designer.cs" Description="File successfully backed up as D:\DARUMA\DFW\EXEMPLOS\DarumaFrameWork_CSharp\DarumaFrameWork_CSharp\Backup2\FR_FISCAL_iRGAbrirIndice_ECF_Daruma.Designer.cs">
</Event><Event ErrorLevel="0" Project="DarumaFramework_CSharp" Source="FR_FISCAL_iRGAbrir_ECF_Daruma.cs" Description="File successfully backed up as D:\DARUMA\DFW\EXEMPLOS\DarumaFrameWork_CSharp\DarumaFrameWork_CSharp\Backup2\FR_FISCAL_iRGAbrir_ECF_Daruma.cs">
</Event><Event ErrorLevel="0" Project="DarumaFramework_CSharp" Source="FR_FISCAL_iRGAbrir_ECF_Daruma.Designer.cs" Description="File successfully backed up as D:\DARUMA\DFW\EXEMPLOS\DarumaFrameWork_CSharp\DarumaFrameWork_CSharp\Backup2\FR_FISCAL_iRGAbrir_ECF_Daruma.Designer.cs">
</Event><Event ErrorLevel="0" Project="DarumaFramework_CSharp" Source="FR_FISCAL_iRGImprimirTexto_ECF_Daruma.cs" Description="File successfully backed up as D:\DARUMA\DFW\EXEMPLOS\DarumaFrameWork_CSharp\DarumaFrameWork_CSharp\Backup2\FR_FISCAL_iRGImprimirTexto_ECF_Daruma.cs">
</Event><Event ErrorLevel="0" Project="DarumaFramework_CSharp" Source="FR_FISCAL_iRGImprimirTexto_ECF_Daruma.Designer.cs" Description="File successfully backed up as D:\DARUMA\DFW\EXEMPLOS\DarumaFrameWork_CSharp\DarumaFrameWork_CSharp\Backup2\FR_FISCAL_iRGImprimirTexto_ECF_Daruma.Designer.cs">
</Event><Event ErrorLevel="0" Project="DarumaFramework_CSharp" Source="FR_FISCAL_iSangria_ECF_Daruma.cs" Description="File successfully backed up as D:\DARUMA\DFW\EXEMPLOS\DarumaFrameWork_CSharp\DarumaFrameWork_CSharp\Backup2\FR_FISCAL_iSangria_ECF_Daruma.cs">
</Event><Event ErrorLevel="0" Project="DarumaFramework_CSharp" Source="FR_FISCAL_iSangria_ECF_Daruma.Designer.cs" Description="File successfully backed up as D:\DARUMA\DFW\EXEMPLOS\DarumaFrameWork_CSharp\DarumaFrameWork_CSharp\Backup2\FR_FISCAL_iSangria_ECF_Daruma.Designer.cs">
</Event><Event ErrorLevel="0" Project="DarumaFramework_CSharp" Source="FR_FISCAL_iSuprimento_ECF_Daruma.cs" Description="File successfully backed up as D:\DARUMA\DFW\EXEMPLOS\DarumaFrameWork_CSharp\DarumaFrameWork_CSharp\Backup2\FR_FISCAL_iSuprimento_ECF_Daruma.cs">
</Event><Event ErrorLevel="0" Project="DarumaFramework_CSharp" Source="FR_FISCAL_iSuprimento_ECF_Daruma.Designer.cs" Description="File successfully backed up as D:\DARUMA\DFW\EXEMPLOS\DarumaFrameWork_CSharp\DarumaFrameWork_CSharp\Backup2\FR_FISCAL_iSuprimento_ECF_Daruma.Designer.cs">
</Event><Event ErrorLevel="0" Project="DarumaFramework_CSharp" Source="FR_FISCAL_iTEF_ImprimirRespostaCartao_ECF_Daruma.cs" Description="File successfully backed up as D:\DARUMA\DFW\EXEMPLOS\DarumaFrameWork_CSharp\DarumaFrameWork_CSharp\Backup2\FR_FISCAL_iTEF_ImprimirRespostaCartao_ECF_Daruma.cs">
</Event><Event ErrorLevel="0" Project="DarumaFramework_CSharp" Source="FR_FISCAL_iTEF_ImprimirRespostaCartao_ECF_Daruma.Designer.cs" Description="File successfully backed up as D:\DARUMA\DFW\EXEMPLOS\DarumaFrameWork_CSharp\DarumaFrameWork_CSharp\Backup2\FR_FISCAL_iTEF_ImprimirRespostaCartao_ECF_Daruma.Designer.cs">
</Event><Event ErrorLevel="0" Project="DarumaFramework_CSharp" Source="FR_FISCAL_iTEF_ImprimirResposta_ECF_Daruma.cs" Description="File successfully backed up as D:\DARUMA\DFW\EXEMPLOS\DarumaFrameWork_CSharp\DarumaFrameWork_CSharp\Backup2\FR_FISCAL_iTEF_ImprimirResposta_ECF_Daruma.cs">
</Event><Event ErrorLevel="0" Project="DarumaFramework_CSharp" Source="FR_FISCAL_iTEF_ImprimirResposta_ECF_Daruma.Designer.cs" Description="File successfully backed up as D:\DARUMA\DFW\EXEMPLOS\DarumaFrameWork_CSharp\DarumaFrameWork_CSharp\Backup2\FR_FISCAL_iTEF_ImprimirResposta_ECF_Daruma.Designer.cs">
</Event><Event ErrorLevel="0" Project="DarumaFramework_CSharp" Source="FR_FISCAL_MenuFiscal_Info.cs" Description="File successfully backed up as D:\DARUMA\DFW\EXEMPLOS\DarumaFrameWork_CSharp\DarumaFrameWork_CSharp\Backup2\FR_FISCAL_MenuFiscal_Info.cs">
</Event><Event ErrorLevel="0" Project="DarumaFramework_CSharp" Source="FR_FISCAL_MenuFiscal_Info.Designer.cs" Description="File successfully backed up as D:\DARUMA\DFW\EXEMPLOS\DarumaFrameWork_CSharp\DarumaFrameWork_CSharp\Backup2\FR_FISCAL_MenuFiscal_Info.Designer.cs">
</Event><Event ErrorLevel="0" Project="DarumaFramework_CSharp" Source="FR_FISCAL_MenuFiscal_LMFC.cs" Description="File successfully backed up as D:\DARUMA\DFW\EXEMPLOS\DarumaFrameWork_CSharp\DarumaFrameWork_CSharp\Backup2\FR_FISCAL_MenuFiscal_LMFC.cs">
</Event><Event ErrorLevel="0" Project="DarumaFramework_CSharp" Source="FR_FISCAL_MenuFiscal_LMFC.Designer.cs" Description="File successfully backed up as D:\DARUMA\DFW\EXEMPLOS\DarumaFrameWork_CSharp\DarumaFrameWork_CSharp\Backup2\FR_FISCAL_MenuFiscal_LMFC.Designer.cs">
</Event><Event ErrorLevel="0" Project="DarumaFramework_CSharp" Source="FR_FISCAL_MenuFiscal_LMFS.cs" Description="File successfully backed up as D:\DARUMA\DFW\EXEMPLOS\DarumaFrameWork_CSharp\DarumaFrameWork_CSharp\Backup2\FR_FISCAL_MenuFiscal_LMFS.cs">
</Event><Event ErrorLevel="0" Project="DarumaFramework_CSharp" Source="FR_FISCAL_MenuFiscal_LMFS.Designer.cs" Description="File successfully backed up as D:\DARUMA\DFW\EXEMPLOS\DarumaFrameWork_CSharp\DarumaFrameWork_CSharp\Backup2\FR_FISCAL_MenuFiscal_LMFS.Designer.cs">
</Event><Event ErrorLevel="0" Project="DarumaFramework_CSharp" Source="FR_FISCAL_ParametrizacaoSintegra.cs" Description="File successfully backed up as D:\DARUMA\DFW\EXEMPLOS\DarumaFrameWork_CSharp\DarumaFrameWork_CSharp\Backup2\FR_FISCAL_ParametrizacaoSintegra.cs">
</Event><Event ErrorLevel="0" Project="DarumaFramework_CSharp" Source="FR_FISCAL_ParametrizacaoSintegra.Designer.cs" Description="File successfully backed up as D:\DARUMA\DFW\EXEMPLOS\DarumaFrameWork_CSharp\DarumaFrameWork_CSharp\Backup2\FR_FISCAL_ParametrizacaoSintegra.Designer.cs">
</Event><Event ErrorLevel="0" Project="DarumaFramework_CSharp" Source="FR_FISCAL_rAssinarRSA_ECF_Daruma.cs" Description="File successfully backed up as D:\DARUMA\DFW\EXEMPLOS\DarumaFrameWork_CSharp\DarumaFrameWork_CSharp\Backup2\FR_FISCAL_rAssinarRSA_ECF_Daruma.cs">
</Event><Event ErrorLevel="0" Project="DarumaFramework_CSharp" Source="FR_FISCAL_rAssinarRSA_ECF_Daruma.Designer.cs" Description="File successfully backed up as D:\DARUMA\DFW\EXEMPLOS\DarumaFrameWork_CSharp\DarumaFrameWork_CSharp\Backup2\FR_FISCAL_rAssinarRSA_ECF_Daruma.Designer.cs">
</Event><Event ErrorLevel="0" Project="DarumaFramework_CSharp" Source="FR_FISCAL_rCalcularMD5_ECF_Daruma.cs" Description="File successfully backed up as D:\DARUMA\DFW\EXEMPLOS\DarumaFrameWork_CSharp\DarumaFrameWork_CSharp\Backup2\FR_FISCAL_rCalcularMD5_ECF_Daruma.cs">
</Event><Event ErrorLevel="0" Project="DarumaFramework_CSharp" Source="FR_FISCAL_rCalcularMD5_ECF_Daruma.Designer.cs" Description="File successfully backed up as D:\DARUMA\DFW\EXEMPLOS\DarumaFrameWork_CSharp\DarumaFrameWork_CSharp\Backup2\FR_FISCAL_rCalcularMD5_ECF_Daruma.Designer.cs">
</Event><Event ErrorLevel="0" Project="DarumaFramework_CSharp" Source="FR_FISCAL_rEfetuarDownloadMFD_ECF_Daruma.cs" Description="File successfully backed up as D:\DARUMA\DFW\EXEMPLOS\DarumaFrameWork_CSharp\DarumaFrameWork_CSharp\Backup2\FR_FISCAL_rEfetuarDownloadMFD_ECF_Daruma.cs">
</Event><Event ErrorLevel="0" Project="DarumaFramework_CSharp" Source="FR_FISCAL_rEfetuarDownloadMFD_ECF_Daruma.Designer.cs" Description="File successfully backed up as D:\DARUMA\DFW\EXEMPLOS\DarumaFrameWork_CSharp\DarumaFrameWork_CSharp\Backup2\FR_FISCAL_rEfetuarDownloadMFD_ECF_Daruma.Designer.cs">
</Event><Event ErrorLevel="0" Project="DarumaFramework_CSharp" Source="FR_FISCAL_RetornoECF.cs" Description="File successfully backed up as D:\DARUMA\DFW\EXEMPLOS\DarumaFrameWork_CSharp\DarumaFrameWork_CSharp\Backup2\FR_FISCAL_RetornoECF.cs">
</Event><Event ErrorLevel="0" Project="DarumaFramework_CSharp" Source="FR_FISCAL_RetornoECF.Designer.cs" Description="File successfully backed up as D:\DARUMA\DFW\EXEMPLOS\DarumaFrameWork_CSharp\DarumaFrameWork_CSharp\Backup2\FR_FISCAL_RetornoECF.Designer.cs">
</Event><Event ErrorLevel="0" Project="DarumaFramework_CSharp" Source="FR_FISCAL_rGerarEspelhoMFD_ECF_Daruma.cs" Description="File successfully backed up as D:\DARUMA\DFW\EXEMPLOS\DarumaFrameWork_CSharp\DarumaFrameWork_CSharp\Backup2\FR_FISCAL_rGerarEspelhoMFD_ECF_Daruma.cs">
</Event><Event ErrorLevel="0" Project="DarumaFramework_CSharp" Source="FR_FISCAL_rGerarEspelhoMFD_ECF_Daruma.Designer.cs" Description="File successfully backed up as D:\DARUMA\DFW\EXEMPLOS\DarumaFrameWork_CSharp\DarumaFrameWork_CSharp\Backup2\FR_FISCAL_rGerarEspelhoMFD_ECF_Daruma.Designer.cs">
</Event><Event ErrorLevel="0" Project="DarumaFramework_CSharp" Source="FR_FISCAL_rGerarRelatorioOffline_ECF_Daruma.cs" Description="File successfully backed up as D:\DARUMA\DFW\EXEMPLOS\DarumaFrameWork_CSharp\DarumaFrameWork_CSharp\Backup2\FR_FISCAL_rGerarRelatorioOffline_ECF_Daruma.cs">
</Event><Event ErrorLevel="0" Project="DarumaFramework_CSharp" Source="FR_FISCAL_rGerarRelatorioOffline_ECF_Daruma.Designer.cs" Description="File successfully backed up as D:\DARUMA\DFW\EXEMPLOS\DarumaFrameWork_CSharp\DarumaFrameWork_CSharp\Backup2\FR_FISCAL_rGerarRelatorioOffline_ECF_Daruma.Designer.cs">
</Event><Event ErrorLevel="0" Project="DarumaFramework_CSharp" Source="FR_FISCAL_rGerarRelatorio_ECF_Daruma.cs" Description="File successfully backed up as D:\DARUMA\DFW\EXEMPLOS\DarumaFrameWork_CSharp\DarumaFrameWork_CSharp\Backup2\FR_FISCAL_rGerarRelatorio_ECF_Daruma.cs">
</Event><Event ErrorLevel="0" Project="DarumaFramework_CSharp" Source="FR_FISCAL_rGerarRelatorio_ECF_Daruma.Designer.cs" Description="File successfully backed up as D:\DARUMA\DFW\EXEMPLOS\DarumaFrameWork_CSharp\DarumaFrameWork_CSharp\Backup2\FR_FISCAL_rGerarRelatorio_ECF_Daruma.Designer.cs">
</Event><Event ErrorLevel="0" Project="DarumaFramework_CSharp" Source="FR_FISCAL_rLeituraXCustomizada_ECF_Daruma.cs" Description="File successfully backed up as D:\DARUMA\DFW\EXEMPLOS\DarumaFrameWork_CSharp\DarumaFrameWork_CSharp\Backup2\FR_FISCAL_rLeituraXCustomizada_ECF_Daruma.cs">
</Event><Event ErrorLevel="0" Project="DarumaFramework_CSharp" Source="FR_FISCAL_rLeituraXCustomizada_ECF_Daruma.Designer.cs" Description="File successfully backed up as D:\DARUMA\DFW\EXEMPLOS\DarumaFrameWork_CSharp\DarumaFrameWork_CSharp\Backup2\FR_FISCAL_rLeituraXCustomizada_ECF_Daruma.Designer.cs">
</Event><Event ErrorLevel="0" Project="DarumaFramework_CSharp" Source="FR_FISCAL_rRetornarGTCodificado_ECF_Daruma.cs" Description="File successfully backed up as D:\DARUMA\DFW\EXEMPLOS\DarumaFrameWork_CSharp\DarumaFrameWork_CSharp\Backup2\FR_FISCAL_rRetornarGTCodificado_ECF_Daruma.cs">
</Event><Event ErrorLevel="0" Project="DarumaFramework_CSharp" Source="FR_FISCAL_rRetornarGTCodificado_ECF_Daruma.Designer.cs" Description="File successfully backed up as D:\DARUMA\DFW\EXEMPLOS\DarumaFrameWork_CSharp\DarumaFrameWork_CSharp\Backup2\FR_FISCAL_rRetornarGTCodificado_ECF_Daruma.Designer.cs">
</Event><Event ErrorLevel="0" Project="DarumaFramework_CSharp" Source="FR_FISCAL_rRetornarInformacao_ECF_Daruma.cs" Description="File successfully backed up as D:\DARUMA\DFW\EXEMPLOS\DarumaFrameWork_CSharp\DarumaFrameWork_CSharp\Backup2\FR_FISCAL_rRetornarInformacao_ECF_Daruma.cs">
</Event><Event ErrorLevel="0" Project="DarumaFramework_CSharp" Source="FR_FISCAL_rRetornarInformacao_ECF_Daruma.Designer.cs" Description="File successfully backed up as D:\DARUMA\DFW\EXEMPLOS\DarumaFrameWork_CSharp\DarumaFrameWork_CSharp\Backup2\FR_FISCAL_rRetornarInformacao_ECF_Daruma.Designer.cs">
</Event><Event ErrorLevel="0" Project="DarumaFramework_CSharp" Source="FR_FISCAL_rStatusImpressora_ECF_Daruma.cs" Description="File successfully backed up as D:\DARUMA\DFW\EXEMPLOS\DarumaFrameWork_CSharp\DarumaFrameWork_CSharp\Backup2\FR_FISCAL_rStatusImpressora_ECF_Daruma.cs">
</Event><Event ErrorLevel="0" Project="DarumaFramework_CSharp" Source="FR_FISCAL_rStatusImpressora_ECF_Daruma.Designer.cs" Description="File successfully backed up as D:\DARUMA\DFW\EXEMPLOS\DarumaFrameWork_CSharp\DarumaFrameWork_CSharp\Backup2\FR_FISCAL_rStatusImpressora_ECF_Daruma.Designer.cs">
</Event><Event ErrorLevel="0" Project="DarumaFramework_CSharp" Source="FR_FISCAL_TesteDeVendaDeItensSemPararBuferizando.cs" Description="File successfully backed up as D:\DARUMA\DFW\EXEMPLOS\DarumaFrameWork_CSharp\DarumaFrameWork_CSharp\Backup2\FR_FISCAL_TesteDeVendaDeItensSemPararBuferizando.cs">
</Event><Event ErrorLevel="0" Project="DarumaFramework_CSharp" Source="FR_FISCAL_TesteDeVendaDeItensSemPararBuferizando.Designer.cs" Description="File successfully backed up as D:\DARUMA\DFW\EXEMPLOS\DarumaFrameWork_CSharp\DarumaFrameWork_CSharp\Backup2\FR_FISCAL_TesteDeVendaDeItensSemPararBuferizando.Designer.cs">
</Event><Event ErrorLevel="0" Project="DarumaFramework_CSharp" Source="FR_FISCAL_Teste_Consumo_MFD.cs" Description="File successfully backed up as D:\DARUMA\DFW\EXEMPLOS\DarumaFrameWork_CSharp\DarumaFrameWork_CSharp\Backup2\FR_FISCAL_Teste_Consumo_MFD.cs">
</Event><Event ErrorLevel="0" Project="DarumaFramework_CSharp" Source="FR_FISCAL_Teste_Consumo_MFD.Designer.cs" Description="File successfully backed up as D:\DARUMA\DFW\EXEMPLOS\DarumaFrameWork_CSharp\DarumaFrameWork_CSharp\Backup2\FR_FISCAL_Teste_Consumo_MFD.Designer.cs">
</Event><Event ErrorLevel="0" Project="DarumaFramework_CSharp" Source="FR_MenuImpressoraDual_Principal.cs" Description="File successfully backed up as D:\DARUMA\DFW\EXEMPLOS\DarumaFrameWork_CSharp\DarumaFrameWork_CSharp\Backup2\FR_MenuImpressoraDual_Principal.cs">
</Event><Event ErrorLevel="0" Project="DarumaFramework_CSharp" Source="FR_MenuImpressoraDual_Principal.Designer.cs" Description="File successfully backed up as D:\DARUMA\DFW\EXEMPLOS\DarumaFrameWork_CSharp\DarumaFrameWork_CSharp\Backup2\FR_MenuImpressoraDual_Principal.Designer.cs">
</Event><Event ErrorLevel="0" Project="DarumaFramework_CSharp" Source="FR_MenuImpressoraFiscal_Principal.cs" Description="File successfully backed up as D:\DARUMA\DFW\EXEMPLOS\DarumaFrameWork_CSharp\DarumaFrameWork_CSharp\Backup2\FR_MenuImpressoraFiscal_Principal.cs">
</Event><Event ErrorLevel="0" Project="DarumaFramework_CSharp" Source="FR_MenuImpressoraFiscal_Principal.Designer.cs" Description="File successfully backed up as D:\DARUMA\DFW\EXEMPLOS\DarumaFrameWork_CSharp\DarumaFrameWork_CSharp\Backup2\FR_MenuImpressoraFiscal_Principal.Designer.cs">
</Event><Event ErrorLevel="0" Project="DarumaFramework_CSharp" Source="FR_MenuTA2000_Principal.cs" Description="File successfully backed up as D:\DARUMA\DFW\EXEMPLOS\DarumaFrameWork_CSharp\DarumaFrameWork_CSharp\Backup2\FR_MenuTA2000_Principal.cs">
</Event><Event ErrorLevel="0" Project="DarumaFramework_CSharp" Source="FR_MenuTA2000_Principal.Designer.cs" Description="File successfully backed up as D:\DARUMA\DFW\EXEMPLOS\DarumaFrameWork_CSharp\DarumaFrameWork_CSharp\Backup2\FR_MenuTA2000_Principal.Designer.cs">
</Event><Event ErrorLevel="0" Project="DarumaFramework_CSharp" Source="FR_metodo_iAutenticarDocumento_DUAL_DarumaFramework.cs" Description="File successfully backed up as D:\DARUMA\DFW\EXEMPLOS\DarumaFrameWork_CSharp\DarumaFrameWork_CSharp\Backup2\FR_metodo_iAutenticarDocumento_DUAL_DarumaFramework.cs">
</Event><Event ErrorLevel="0" Project="DarumaFramework_CSharp" Source="FR_metodo_iAutenticarDocumento_DUAL_DarumaFramework.Designer.cs" Description="File successfully backed up as D:\DARUMA\DFW\EXEMPLOS\DarumaFrameWork_CSharp\DarumaFrameWork_CSharp\Backup2\FR_metodo_iAutenticarDocumento_DUAL_DarumaFramework.Designer.cs">
</Event><Event ErrorLevel="0" Project="DarumaFramework_CSharp" Source="FR_metodo_iImprimirTexto_DUAL_DarumaFramework.cs" Description="File successfully backed up as D:\DARUMA\DFW\EXEMPLOS\DarumaFrameWork_CSharp\DarumaFrameWork_CSharp\Backup2\FR_metodo_iImprimirTexto_DUAL_DarumaFramework.cs">
</Event><Event ErrorLevel="0" Project="DarumaFramework_CSharp" Source="FR_metodo_iImprimirTexto_DUAL_DarumaFramework.Designer.cs" Description="File successfully backed up as D:\DARUMA\DFW\EXEMPLOS\DarumaFrameWork_CSharp\DarumaFrameWork_CSharp\Backup2\FR_metodo_iImprimirTexto_DUAL_DarumaFramework.Designer.cs">
</Event><Event ErrorLevel="0" Project="DarumaFramework_CSharp" Source="FR_MenuMODEM_Principal.cs" Description="File successfully backed up as D:\DARUMA\DFW\EXEMPLOS\DarumaFrameWork_CSharp\DarumaFrameWork_CSharp\Backup2\FR_MenuMODEM_Principal.cs">
</Event><Event ErrorLevel="0" Project="DarumaFramework_CSharp" Source="FR_MenuMODEM_Principal.Designer.cs" Description="File successfully backed up as D:\DARUMA\DFW\EXEMPLOS\DarumaFrameWork_CSharp\DarumaFrameWork_CSharp\Backup2\FR_MenuMODEM_Principal.Designer.cs">
</Event><Event ErrorLevel="0" Project="DarumaFramework_CSharp" Source="FR_MODEM_eApagar_MODEM_DarumaFramework.cs" Description="File successfully backed up as D:\DARUMA\DFW\EXEMPLOS\DarumaFrameWork_CSharp\DarumaFrameWork_CSharp\Backup2\FR_MODEM_eApagar_MODEM_DarumaFramework.cs">
</Event><Event ErrorLevel="0" Project="DarumaFramework_CSharp" Source="FR_MODEM_eApagar_MODEM_DarumaFramework.Designer.cs" Description="File successfully backed up as D:\DARUMA\DFW\EXEMPLOS\DarumaFrameWork_CSharp\DarumaFrameWork_CSharp\Backup2\FR_MODEM_eApagar_MODEM_DarumaFramework.Designer.cs">
</Event><Event ErrorLevel="0" Project="DarumaFramework_CSharp" Source="FR_MODEM_rListarSMS_MODEM_DarumaFramework.cs" Description="File successfully backed up as D:\DARUMA\DFW\EXEMPLOS\DarumaFrameWork_CSharp\DarumaFrameWork_CSharp\Backup2\FR_MODEM_rListarSMS_MODEM_DarumaFramework.cs">
</Event><Event ErrorLevel="0" Project="DarumaFramework_CSharp" Source="FR_MODEM_rListarSMS_MODEM_DarumaFramework.Designer.cs" Description="File successfully backed up as D:\DARUMA\DFW\EXEMPLOS\DarumaFrameWork_CSharp\DarumaFrameWork_CSharp\Backup2\FR_MODEM_rListarSMS_MODEM_DarumaFramework.Designer.cs">
</Event><Event ErrorLevel="0" Project="DarumaFramework_CSharp" Source="FR_MODEM_rReceberSMS_MODEM_DarumaFramework.cs" Description="File successfully backed up as D:\DARUMA\DFW\EXEMPLOS\DarumaFrameWork_CSharp\DarumaFrameWork_CSharp\Backup2\FR_MODEM_rReceberSMS_MODEM_DarumaFramework.cs">
</Event><Event ErrorLevel="0" Project="DarumaFramework_CSharp" Source="FR_MODEM_rReceberSMS_MODEM_DarumaFramework.Designer.cs" Description="File successfully backed up as D:\DARUMA\DFW\EXEMPLOS\DarumaFrameWork_CSharp\DarumaFrameWork_CSharp\Backup2\FR_MODEM_rReceberSMS_MODEM_DarumaFramework.Designer.cs">
</Event><Event ErrorLevel="0" Project="DarumaFramework_CSharp" Source="FR_MODEM_rNivelSinalRecebido_MODEM_DarumaFramework.cs" Description="File successfully backed up as D:\DARUMA\DFW\EXEMPLOS\DarumaFrameWork_CSharp\DarumaFrameWork_CSharp\Backup2\FR_MODEM_rNivelSinalRecebido_MODEM_DarumaFramework.cs">
</Event><Event ErrorLevel="0" Project="DarumaFramework_CSharp" Source="FR_MODEM_rNivelSinalRecebido_MODEM_DarumaFramework.Designer.cs" Description="File successfully backed up as D:\DARUMA\DFW\EXEMPLOS\DarumaFrameWork_CSharp\DarumaFrameWork_CSharp\Backup2\FR_MODEM_rNivelSinalRecebido_MODEM_DarumaFramework.Designer.cs">
</Event><Event ErrorLevel="0" Project="DarumaFramework_CSharp" Source="FR_MODEM_rRetornarImei_MODEM_DarumaFramework.cs" Description="File successfully backed up as D:\DARUMA\DFW\EXEMPLOS\DarumaFrameWork_CSharp\DarumaFrameWork_CSharp\Backup2\FR_MODEM_rRetornarImei_MODEM_DarumaFramework.cs">
</Event><Event ErrorLevel="0" Project="DarumaFramework_CSharp" Source="FR_MODEM_rRetornarImei_MODEM_DarumaFramework.Designer.cs" Description="File successfully backed up as D:\DARUMA\DFW\EXEMPLOS\DarumaFrameWork_CSharp\DarumaFrameWork_CSharp\Backup2\FR_MODEM_rRetornarImei_MODEM_DarumaFramework.Designer.cs">
</Event><Event ErrorLevel="0" Project="DarumaFramework_CSharp" Source="FR_MODEM_rRetornarOperadora_MODEM_DarumaFramework.cs" Description="File successfully backed up as D:\DARUMA\DFW\EXEMPLOS\DarumaFrameWork_CSharp\DarumaFrameWork_CSharp\Backup2\FR_MODEM_rRetornarOperadora_MODEM_DarumaFramework.cs">
</Event><Event ErrorLevel="0" Project="DarumaFramework_CSharp" Source="FR_MODEM_rRetornarOperadora_MODEM_DarumaFramework.Designer.cs" Description="File successfully backed up as D:\DARUMA\DFW\EXEMPLOS\DarumaFrameWork_CSharp\DarumaFrameWork_CSharp\Backup2\FR_MODEM_rRetornarOperadora_MODEM_DarumaFramework.Designer.cs">
</Event><Event ErrorLevel="0" Project="DarumaFramework_CSharp" Source="FR_MODEM_ServicoCSD_DarumaFramework.cs" Description="File successfully backed up as D:\DARUMA\DFW\EXEMPLOS\DarumaFrameWork_CSharp\DarumaFrameWork_CSharp\Backup2\FR_MODEM_ServicoCSD_DarumaFramework.cs">
</Event><Event ErrorLevel="0" Project="DarumaFramework_CSharp" Source="FR_MODEM_ServicoCSD_DarumaFramework.Designer.cs" Description="File successfully backed up as D:\DARUMA\DFW\EXEMPLOS\DarumaFrameWork_CSharp\DarumaFrameWork_CSharp\Backup2\FR_MODEM_ServicoCSD_DarumaFramework.Designer.cs">
</Event><Event ErrorLevel="0" Project="DarumaFramework_CSharp" Source="FR_MODEM_tEnviarSMS_MODEM_DarumaFramework.cs" Description="File successfully backed up as D:\DARUMA\DFW\EXEMPLOS\DarumaFrameWork_CSharp\DarumaFrameWork_CSharp\Backup2\FR_MODEM_tEnviarSMS_MODEM_DarumaFramework.cs">
</Event><Event ErrorLevel="0" Project="DarumaFramework_CSharp" Source="FR_MODEM_tEnviarSMS_MODEM_DarumaFramework.Designer.cs" Description="File successfully backed up as D:\DARUMA\DFW\EXEMPLOS\DarumaFrameWork_CSharp\DarumaFrameWork_CSharp\Backup2\FR_MODEM_tEnviarSMS_MODEM_DarumaFramework.Designer.cs">
</Event><Event ErrorLevel="0" Project="DarumaFramework_CSharp" Source="FR_Registro.cs" Description="File successfully backed up as D:\DARUMA\DFW\EXEMPLOS\DarumaFrameWork_CSharp\DarumaFrameWork_CSharp\Backup2\FR_Registro.cs">
</Event><Event ErrorLevel="0" Project="DarumaFramework_CSharp" Source="FR_Registro.Designer.cs" Description="File successfully backed up as D:\DARUMA\DFW\EXEMPLOS\DarumaFrameWork_CSharp\DarumaFrameWork_CSharp\Backup2\FR_Registro.Designer.cs">
</Event><Event ErrorLevel="0" Project="DarumaFramework_CSharp" Source="Program.cs" Description="File successfully backed up as D:\DARUMA\DFW\EXEMPLOS\DarumaFrameWork_CSharp\DarumaFrameWork_CSharp\Backup2\Program.cs">
</Event><Event ErrorLevel="0" Project="DarumaFramework_CSharp" Source="Properties\AssemblyInfo.cs" Description="File successfully backed up as D:\DARUMA\DFW\EXEMPLOS\DarumaFrameWork_CSharp\DarumaFrameWork_CSharp\Backup2\Properties\AssemblyInfo.cs">
</Event><Event ErrorLevel="0" Project="DarumaFramework_CSharp" Source="Properties\Resources.Designer.cs" Description="File successfully backed up as D:\DARUMA\DFW\EXEMPLOS\DarumaFrameWork_CSharp\DarumaFrameWork_CSharp\Backup2\Properties\Resources.Designer.cs">
</Event><Event ErrorLevel="0" Project="DarumaFramework_CSharp" Source="Properties\Settings.Designer.cs" Description="File successfully backed up as D:\DARUMA\DFW\EXEMPLOS\DarumaFrameWork_CSharp\DarumaFrameWork_CSharp\Backup2\Properties\Settings.Designer.cs">
</Event><Event ErrorLevel="0" Project="DarumaFramework_CSharp" Source="Properties\Settings.settings" Description="File successfully backed up as D:\DARUMA\DFW\EXEMPLOS\DarumaFrameWork_CSharp\DarumaFrameWork_CSharp\Backup2\Properties\Settings.settings">
</Event><Event ErrorLevel="0" Project="DarumaFramework_CSharp" Source="ClassDiagram1.cd" Description="File successfully backed up as D:\DARUMA\DFW\EXEMPLOS\DarumaFrameWork_CSharp\DarumaFrameWork_CSharp\Backup2\ClassDiagram1.cd">
</Event><Event ErrorLevel="0" Project="DarumaFramework_CSharp" Source="Resources\logoDDCpeq2.jpg" Description="File successfully backed up as D:\DARUMA\DFW\EXEMPLOS\DarumaFrameWork_CSharp\DarumaFrameWork_CSharp\Backup2\Resources\logoDDCpeq2.jpg">
</Event><Event ErrorLevel="0" Project="DarumaFramework_CSharp" Source="FR_DarumaFramework_InputBox.resx" Description="File successfully backed up as D:\DARUMA\DFW\EXEMPLOS\DarumaFrameWork_CSharp\DarumaFrameWork_CSharp\Backup2\FR_DarumaFramework_InputBox.resx">
</Event><Event ErrorLevel="0" Project="DarumaFramework_CSharp" Source="FR_DarumaFramework_Principal.resx" Description="File successfully backed up as D:\DARUMA\DFW\EXEMPLOS\DarumaFrameWork_CSharp\DarumaFrameWork_CSharp\Backup2\FR_DarumaFramework_Principal.resx">
</Event><Event ErrorLevel="0" Project="DarumaFramework_CSharp" Source="FR_DARUMAFRAMEWORK_regRetornaValorChave_DarumaFramework.resx" Description="File successfully backed up as D:\DARUMA\DFW\EXEMPLOS\DarumaFrameWork_CSharp\DarumaFrameWork_CSharp\Backup2\FR_DARUMAFRAMEWORK_regRetornaValorChave_DarumaFramework.resx">
</Event><Event ErrorLevel="0" Project="DarumaFramework_CSharp" Source="FR_FISCAL_ArquivoMFD.resx" Description="File successfully backed up as D:\DARUMA\DFW\EXEMPLOS\DarumaFrameWork_CSharp\DarumaFrameWork_CSharp\Backup2\FR_FISCAL_ArquivoMFD.resx">
</Event><Event ErrorLevel="0" Project="DarumaFramework_CSharp" Source="FR_FISCAL_confCadastrarPadrao_ECF_Daruma.resx" Description="File successfully backed up as D:\DARUMA\DFW\EXEMPLOS\DarumaFrameWork_CSharp\DarumaFrameWork_CSharp\Backup2\FR_FISCAL_confCadastrarPadrao_ECF_Daruma.resx">
</Event><Event ErrorLevel="0" Project="DarumaFramework_CSharp" Source="FR_FISCAL_confCadastrar_ECF_Daruma.resx" Description="File successfully backed up as D:\DARUMA\DFW\EXEMPLOS\DarumaFrameWork_CSharp\DarumaFrameWork_CSharp\Backup2\FR_FISCAL_confCadastrar_ECF_Daruma.resx">
</Event><Event ErrorLevel="0" Project="DarumaFramework_CSharp" Source="FR_FISCAL_confCFBPProgramarUF_ECF_Daruma.resx" Description="File successfully backed up as D:\DARUMA\DFW\EXEMPLOS\DarumaFrameWork_CSharp\DarumaFrameWork_CSharp\Backup2\FR_FISCAL_confCFBPProgramarUF_ECF_Daruma.resx">
</Event><Event ErrorLevel="0" Project="DarumaFramework_CSharp" Source="FR_FISCAL_confProgramarAvancoPapel_ECF_Daruma.resx" Description="File successfully backed up as D:\DARUMA\DFW\EXEMPLOS\DarumaFrameWork_CSharp\DarumaFrameWork_CSharp\Backup2\FR_FISCAL_confProgramarAvancoPapel_ECF_Daruma.resx">
</Event><Event ErrorLevel="0" Project="DarumaFramework_CSharp" Source="FR_FISCAL_confProgramarIDLoja_ECF_Daruma.resx" Description="File successfully backed up as D:\DARUMA\DFW\EXEMPLOS\DarumaFrameWork_CSharp\DarumaFrameWork_CSharp\Backup2\FR_FISCAL_confProgramarIDLoja_ECF_Daruma.resx">
</Event><Event ErrorLevel="0" Project="DarumaFramework_CSharp" Source="FR_FISCAL_confProgramarOperador_ECF_Daruma.resx" Description="File successfully backed up as D:\DARUMA\DFW\EXEMPLOS\DarumaFrameWork_CSharp\DarumaFrameWork_CSharp\Backup2\FR_FISCAL_confProgramarOperador_ECF_Daruma.resx">
</Event><Event ErrorLevel="0" Project="DarumaFramework_CSharp" Source="FR_FISCAL_eAcionarGuilhotina_ECF_Daruma.resx" Description="File successfully backed up as D:\DARUMA\DFW\EXEMPLOS\DarumaFrameWork_CSharp\DarumaFrameWork_CSharp\Backup2\FR_FISCAL_eAcionarGuilhotina_ECF_Daruma.resx">
</Event><Event ErrorLevel="0" Project="DarumaFramework_CSharp" Source="FR_FISCAL_eTEF_EsperarArquivo_ECF_Daruma.resx" Description="File successfully backed up as D:\DARUMA\DFW\EXEMPLOS\DarumaFrameWork_CSharp\DarumaFrameWork_CSharp\Backup2\FR_FISCAL_eTEF_EsperarArquivo_ECF_Daruma.resx">
</Event><Event ErrorLevel="0" Project="DarumaFramework_CSharp" Source="FR_FISCAL_iCFBPAbrir_ECF_Daruma.resx" Description="File successfully backed up as D:\DARUMA\DFW\EXEMPLOS\DarumaFrameWork_CSharp\DarumaFrameWork_CSharp\Backup2\FR_FISCAL_iCFBPAbrir_ECF_Daruma.resx">
</Event><Event ErrorLevel="0" Project="DarumaFramework_CSharp" Source="FR_FISCAL_iCFBPVender_ECF_Daruma.resx" Description="File successfully backed up as D:\DARUMA\DFW\EXEMPLOS\DarumaFrameWork_CSharp\DarumaFrameWork_CSharp\Backup2\FR_FISCAL_iCFBPVender_ECF_Daruma.resx">
</Event><Event ErrorLevel="0" Project="DarumaFramework_CSharp" Source="FR_FISCAL_iCNFEncerrar_ECF_Daruma.resx" Description="File successfully backed up as D:\DARUMA\DFW\EXEMPLOS\DarumaFrameWork_CSharp\DarumaFrameWork_CSharp\Backup2\FR_FISCAL_iCNFEncerrar_ECF_Daruma.resx">
</Event><Event ErrorLevel="0" Project="DarumaFramework_CSharp" Source="FR_DUAL_menuExemplo4_comForumulario.resx" Description="File successfully backed up as D:\DARUMA\DFW\EXEMPLOS\DarumaFrameWork_CSharp\DarumaFrameWork_CSharp\Backup2\FR_DUAL_menuExemplo4_comForumulario.resx">
</Event><Event ErrorLevel="0" Project="DarumaFramework_CSharp" Source="FR_DUAL_menuTestes_LoopingStatus.resx" Description="File successfully backed up as D:\DARUMA\DFW\EXEMPLOS\DarumaFrameWork_CSharp\DarumaFrameWork_CSharp\Backup2\FR_DUAL_menuTestes_LoopingStatus.resx">
</Event><Event ErrorLevel="0" Project="DarumaFramework_CSharp" Source="FR_DUAL_menuTestes_LoopingStatusDocumento.resx" Description="File successfully backed up as D:\DARUMA\DFW\EXEMPLOS\DarumaFrameWork_CSharp\DarumaFrameWork_CSharp\Backup2\FR_DUAL_menuTestes_LoopingStatusDocumento.resx">
</Event><Event ErrorLevel="0" Project="DarumaFramework_CSharp" Source="FR_FISCAL_iCCDAbrirSimplificado_ECF_Daruma.resx" Description="File successfully backed up as D:\DARUMA\DFW\EXEMPLOS\DarumaFrameWork_CSharp\DarumaFrameWork_CSharp\Backup2\FR_FISCAL_iCCDAbrirSimplificado_ECF_Daruma.resx">
</Event><Event ErrorLevel="0" Project="DarumaFramework_CSharp" Source="FR_FISCAL_iCCDAbrir_ECF_Daruma.resx" Description="File successfully backed up as D:\DARUMA\DFW\EXEMPLOS\DarumaFrameWork_CSharp\DarumaFrameWork_CSharp\Backup2\FR_FISCAL_iCCDAbrir_ECF_Daruma.resx">
</Event><Event ErrorLevel="0" Project="DarumaFramework_CSharp" Source="FR_FISCAL_iCCDEstornar_ECF_Daruma.resx" Description="File successfully backed up as D:\DARUMA\DFW\EXEMPLOS\DarumaFrameWork_CSharp\DarumaFrameWork_CSharp\Backup2\FR_FISCAL_iCCDEstornar_ECF_Daruma.resx">
</Event><Event ErrorLevel="0" Project="DarumaFramework_CSharp" Source="FR_FISCAL_iCCDImprimirArquivo_ECF_Daruma.resx" Description="File successfully backed up as D:\DARUMA\DFW\EXEMPLOS\DarumaFrameWork_CSharp\DarumaFrameWork_CSharp\Backup2\FR_FISCAL_iCCDImprimirArquivo_ECF_Daruma.resx">
</Event><Event ErrorLevel="0" Project="DarumaFramework_CSharp" Source="FR_FISCAL_iCCDImprimirTexto_ECF_Daruma.resx" Description="File successfully backed up as D:\DARUMA\DFW\EXEMPLOS\DarumaFrameWork_CSharp\DarumaFrameWork_CSharp\Backup2\FR_FISCAL_iCCDImprimirTexto_ECF_Daruma.resx">
</Event><Event ErrorLevel="0" Project="DarumaFramework_CSharp" Source="FR_FISCAL_iCFAbrir_ECF_Daruma.resx" Description="File successfully backed up as D:\DARUMA\DFW\EXEMPLOS\DarumaFrameWork_CSharp\DarumaFrameWork_CSharp\Backup2\FR_FISCAL_iCFAbrir_ECF_Daruma.resx">
</Event><Event ErrorLevel="0" Project="DarumaFramework_CSharp" Source="FR_FISCAL_iCFCancelarDescontoItem_ECF.resx" Description="File successfully backed up as D:\DARUMA\DFW\EXEMPLOS\DarumaFrameWork_CSharp\DarumaFrameWork_CSharp\Backup2\FR_FISCAL_iCFCancelarDescontoItem_ECF.resx">
</Event><Event ErrorLevel="0" Project="DarumaFramework_CSharp" Source="FR_FISCAL_iCFCancelarItemParcial_ECF.resx" Description="File successfully backed up as D:\DARUMA\DFW\EXEMPLOS\DarumaFrameWork_CSharp\DarumaFrameWork_CSharp\Backup2\FR_FISCAL_iCFCancelarItemParcial_ECF.resx">
</Event><Event ErrorLevel="0" Project="DarumaFramework_CSharp" Source="FR_FISCAL_iCFCancelarItem_ECF_Daruma.resx" Description="File successfully backed up as D:\DARUMA\DFW\EXEMPLOS\DarumaFrameWork_CSharp\DarumaFrameWork_CSharp\Backup2\FR_FISCAL_iCFCancelarItem_ECF_Daruma.resx">
</Event><Event ErrorLevel="0" Project="DarumaFramework_CSharp" Source="FR_FISCAL_iCFCancelarUltimoItemParcial_ECF.resx" Description="File successfully backed up as D:\DARUMA\DFW\EXEMPLOS\DarumaFrameWork_CSharp\DarumaFrameWork_CSharp\Backup2\FR_FISCAL_iCFCancelarUltimoItemParcial_ECF.resx">
</Event><Event ErrorLevel="0" Project="DarumaFramework_CSharp" Source="FR_FISCAL_iCFEfetuarPagamentoFormatado_ECF.resx" Description="File successfully backed up as D:\DARUMA\DFW\EXEMPLOS\DarumaFrameWork_CSharp\DarumaFrameWork_CSharp\Backup2\FR_FISCAL_iCFEfetuarPagamentoFormatado_ECF.resx">
</Event><Event ErrorLevel="0" Project="DarumaFramework_CSharp" Source="FR_FISCAL_iCFEfetuarPagamento_ECF_Daruma.resx" Description="File successfully backed up as D:\DARUMA\DFW\EXEMPLOS\DarumaFrameWork_CSharp\DarumaFrameWork_CSharp\Backup2\FR_FISCAL_iCFEfetuarPagamento_ECF_Daruma.resx">
</Event><Event ErrorLevel="0" Project="DarumaFramework_CSharp" Source="FR_FISCAL_iCFEncerrarConfigMsg_ECF_Daruma.resx" Description="File successfully backed up as D:\DARUMA\DFW\EXEMPLOS\DarumaFrameWork_CSharp\DarumaFrameWork_CSharp\Backup2\FR_FISCAL_iCFEncerrarConfigMsg_ECF_Daruma.resx">
</Event><Event ErrorLevel="0" Project="DarumaFramework_CSharp" Source="FR_FISCAL_iCFEncerrar_ECF_Daruma.resx" Description="File successfully backed up as D:\DARUMA\DFW\EXEMPLOS\DarumaFrameWork_CSharp\DarumaFrameWork_CSharp\Backup2\FR_FISCAL_iCFEncerrar_ECF_Daruma.resx">
</Event><Event ErrorLevel="0" Project="DarumaFramework_CSharp" Source="FR_FISCAL_iCFIdentificarConsumidor_ECF.resx" Description="File successfully backed up as D:\DARUMA\DFW\EXEMPLOS\DarumaFrameWork_CSharp\DarumaFrameWork_CSharp\Backup2\FR_FISCAL_iCFIdentificarConsumidor_ECF.resx">
</Event><Event ErrorLevel="0" Project="DarumaFramework_CSharp" Source="FR_FISCAL_iCFLancarAcrescimoItem_ECF.resx" Description="File successfully backed up as D:\DARUMA\DFW\EXEMPLOS\DarumaFrameWork_CSharp\DarumaFrameWork_CSharp\Backup2\FR_FISCAL_iCFLancarAcrescimoItem_ECF.resx">
</Event><Event ErrorLevel="0" Project="DarumaFramework_CSharp" Source="FR_FISCAL_iCFLancarAcrescimoUltimoItem_ECF.resx" Description="File successfully backed up as D:\DARUMA\DFW\EXEMPLOS\DarumaFrameWork_CSharp\DarumaFrameWork_CSharp\Backup2\FR_FISCAL_iCFLancarAcrescimoUltimoItem_ECF.resx">
</Event><Event ErrorLevel="0" Project="DarumaFramework_CSharp" Source="FR_FISCAL_iCFLancarDescontoItem_ECF_Daruma.resx" Description="File successfully backed up as D:\DARUMA\DFW\EXEMPLOS\DarumaFrameWork_CSharp\DarumaFrameWork_CSharp\Backup2\FR_FISCAL_iCFLancarDescontoItem_ECF_Daruma.resx">
</Event><Event ErrorLevel="0" Project="DarumaFramework_CSharp" Source="FR_FISCAL_iCFLancarDescontoUltimoItem_ECF.resx" Description="File successfully backed up as D:\DARUMA\DFW\EXEMPLOS\DarumaFrameWork_CSharp\DarumaFrameWork_CSharp\Backup2\FR_FISCAL_iCFLancarDescontoUltimoItem_ECF.resx">
</Event><Event ErrorLevel="0" Project="DarumaFramework_CSharp" Source="FR_FISCAL_iCFTotalizarCupom_ECF_Daruma.resx" Description="File successfully backed up as D:\DARUMA\DFW\EXEMPLOS\DarumaFrameWork_CSharp\DarumaFrameWork_CSharp\Backup2\FR_FISCAL_iCFTotalizarCupom_ECF_Daruma.resx">
</Event><Event ErrorLevel="0" Project="DarumaFramework_CSharp" Source="FR_FISCAL_iCFVenderResumido_ECF_Daruma.resx" Description="File successfully backed up as D:\DARUMA\DFW\EXEMPLOS\DarumaFrameWork_CSharp\DarumaFrameWork_CSharp\Backup2\FR_FISCAL_iCFVenderResumido_ECF_Daruma.resx">
</Event><Event ErrorLevel="0" Project="DarumaFramework_CSharp" Source="FR_FISCAL_iCFVenderSemDesc_ECF_Daruma.resx" Description="File successfully backed up as D:\DARUMA\DFW\EXEMPLOS\DarumaFrameWork_CSharp\DarumaFrameWork_CSharp\Backup2\FR_FISCAL_iCFVenderSemDesc_ECF_Daruma.resx">
</Event><Event ErrorLevel="0" Project="DarumaFramework_CSharp" Source="FR_FISCAL_iCFVender_ECF_Daruma.resx" Description="File successfully backed up as D:\DARUMA\DFW\EXEMPLOS\DarumaFrameWork_CSharp\DarumaFrameWork_CSharp\Backup2\FR_FISCAL_iCFVender_ECF_Daruma.resx">
</Event><Event ErrorLevel="0" Project="DarumaFramework_CSharp" Source="FR_FISCAL_iCNFAbrir_ECF_Daruma.resx" Description="File successfully backed up as D:\DARUMA\DFW\EXEMPLOS\DarumaFrameWork_CSharp\DarumaFrameWork_CSharp\Backup2\FR_FISCAL_iCNFAbrir_ECF_Daruma.resx">
</Event><Event ErrorLevel="0" Project="DarumaFramework_CSharp" Source="FR_FISCAL_iCNFCancelarAcrescimoItem_ECF_Daruma.resx" Description="File successfully backed up as D:\DARUMA\DFW\EXEMPLOS\DarumaFrameWork_CSharp\DarumaFrameWork_CSharp\Backup2\FR_FISCAL_iCNFCancelarAcrescimoItem_ECF_Daruma.resx">
</Event><Event ErrorLevel="0" Project="DarumaFramework_CSharp" Source="FR_FISCAL_iCNFCancelarDescontoItem_ECF_Daruma.resx" Description="File successfully backed up as D:\DARUMA\DFW\EXEMPLOS\DarumaFrameWork_CSharp\DarumaFrameWork_CSharp\Backup2\FR_FISCAL_iCNFCancelarDescontoItem_ECF_Daruma.resx">
</Event><Event ErrorLevel="0" Project="DarumaFramework_CSharp" Source="FR_FISCAL_iCNFCancelarItem_ECF_Daruma.resx" Description="File successfully backed up as D:\DARUMA\DFW\EXEMPLOS\DarumaFrameWork_CSharp\DarumaFrameWork_CSharp\Backup2\FR_FISCAL_iCNFCancelarItem_ECF_Daruma.resx">
</Event><Event ErrorLevel="0" Project="DarumaFramework_CSharp" Source="FR_FISCAL_iCNFEfetuarPagamentoFormatado_ECF_Daruma.resx" Description="File successfully backed up as D:\DARUMA\DFW\EXEMPLOS\DarumaFrameWork_CSharp\DarumaFrameWork_CSharp\Backup2\FR_FISCAL_iCNFEfetuarPagamentoFormatado_ECF_Daruma.resx">
</Event><Event ErrorLevel="0" Project="DarumaFramework_CSharp" Source="FR_FISCAL_iCNFEfetuarPagamento_ECF_Daruma.resx" Description="File successfully backed up as D:\DARUMA\DFW\EXEMPLOS\DarumaFrameWork_CSharp\DarumaFrameWork_CSharp\Backup2\FR_FISCAL_iCNFEfetuarPagamento_ECF_Daruma.resx">
</Event><Event ErrorLevel="0" Project="DarumaFramework_CSharp" Source="FR_FISCAL_iCNFReceberSemDesc_ECF_Daruma.resx" Description="File successfully backed up as D:\DARUMA\DFW\EXEMPLOS\DarumaFrameWork_CSharp\DarumaFrameWork_CSharp\Backup2\FR_FISCAL_iCNFReceberSemDesc_ECF_Daruma.resx">
</Event><Event ErrorLevel="0" Project="DarumaFramework_CSharp" Source="FR_FISCAL_iCNFReceber_ECF_Daruma.resx" Description="File successfully backed up as D:\DARUMA\DFW\EXEMPLOS\DarumaFrameWork_CSharp\DarumaFrameWork_CSharp\Backup2\FR_FISCAL_iCNFReceber_ECF_Daruma.resx">
</Event><Event ErrorLevel="0" Project="DarumaFramework_CSharp" Source="FR_FISCAL_iCNFTotalizarComprovante_ECF_Daruma.resx" Description="File successfully backed up as D:\DARUMA\DFW\EXEMPLOS\DarumaFrameWork_CSharp\DarumaFrameWork_CSharp\Backup2\FR_FISCAL_iCNFTotalizarComprovante_ECF_Daruma.resx">
</Event><Event ErrorLevel="0" Project="DarumaFramework_CSharp" Source="FR_FISCAL_iImprimirCodigoBarras_ECF_Daruma.resx" Description="File successfully backed up as D:\DARUMA\DFW\EXEMPLOS\DarumaFrameWork_CSharp\DarumaFrameWork_CSharp\Backup2\FR_FISCAL_iImprimirCodigoBarras_ECF_Daruma.resx">
</Event><Event ErrorLevel="0" Project="DarumaFramework_CSharp" Source="FR_FISCAL_iMFLerSerial_ECF_Daruma.resx" Description="File successfully backed up as D:\DARUMA\DFW\EXEMPLOS\DarumaFrameWork_CSharp\DarumaFrameWork_CSharp\Backup2\FR_FISCAL_iMFLerSerial_ECF_Daruma.resx">
</Event><Event ErrorLevel="0" Project="DarumaFramework_CSharp" Source="FR_FISCAL_iMFLer_ECF_Daruma.resx" Description="File successfully backed up as D:\DARUMA\DFW\EXEMPLOS\DarumaFrameWork_CSharp\DarumaFrameWork_CSharp\Backup2\FR_FISCAL_iMFLer_ECF_Daruma.resx">
</Event><Event ErrorLevel="0" Project="DarumaFramework_CSharp" Source="FR_FISCAL_iRGAbrirIndice_ECF_Daruma.resx" Description="File successfully backed up as D:\DARUMA\DFW\EXEMPLOS\DarumaFrameWork_CSharp\DarumaFrameWork_CSharp\Backup2\FR_FISCAL_iRGAbrirIndice_ECF_Daruma.resx">
</Event><Event ErrorLevel="0" Project="DarumaFramework_CSharp" Source="FR_FISCAL_iRGAbrir_ECF_Daruma.resx" Description="File successfully backed up as D:\DARUMA\DFW\EXEMPLOS\DarumaFrameWork_CSharp\DarumaFrameWork_CSharp\Backup2\FR_FISCAL_iRGAbrir_ECF_Daruma.resx">
</Event><Event ErrorLevel="0" Project="DarumaFramework_CSharp" Source="FR_FISCAL_iRGImprimirTexto_ECF_Daruma.resx" Description="File successfully backed up as D:\DARUMA\DFW\EXEMPLOS\DarumaFrameWork_CSharp\DarumaFrameWork_CSharp\Backup2\FR_FISCAL_iRGImprimirTexto_ECF_Daruma.resx">
</Event><Event ErrorLevel="0" Project="DarumaFramework_CSharp" Source="FR_FISCAL_iSangria_ECF_Daruma.resx" Description="File successfully backed up as D:\DARUMA\DFW\EXEMPLOS\DarumaFrameWork_CSharp\DarumaFrameWork_CSharp\Backup2\FR_FISCAL_iSangria_ECF_Daruma.resx">
</Event><Event ErrorLevel="0" Project="DarumaFramework_CSharp" Source="FR_FISCAL_iSuprimento_ECF_Daruma.resx" Description="File successfully backed up as D:\DARUMA\DFW\EXEMPLOS\DarumaFrameWork_CSharp\DarumaFrameWork_CSharp\Backup2\FR_FISCAL_iSuprimento_ECF_Daruma.resx">
</Event><Event ErrorLevel="0" Project="DarumaFramework_CSharp" Source="FR_FISCAL_iTEF_ImprimirRespostaCartao_ECF_Daruma.resx" Description="File successfully backed up as D:\DARUMA\DFW\EXEMPLOS\DarumaFrameWork_CSharp\DarumaFrameWork_CSharp\Backup2\FR_FISCAL_iTEF_ImprimirRespostaCartao_ECF_Daruma.resx">
</Event><Event ErrorLevel="0" Project="DarumaFramework_CSharp" Source="FR_FISCAL_iTEF_ImprimirResposta_ECF_Daruma.resx" Description="File successfully backed up as D:\DARUMA\DFW\EXEMPLOS\DarumaFrameWork_CSharp\DarumaFrameWork_CSharp\Backup2\FR_FISCAL_iTEF_ImprimirResposta_ECF_Daruma.resx">
</Event><Event ErrorLevel="0" Project="DarumaFramework_CSharp" Source="FR_FISCAL_MenuFiscal_Info.resx" Description="File successfully backed up as D:\DARUMA\DFW\EXEMPLOS\DarumaFrameWork_CSharp\DarumaFrameWork_CSharp\Backup2\FR_FISCAL_MenuFiscal_Info.resx">
</Event><Event ErrorLevel="0" Project="DarumaFramework_CSharp" Source="FR_FISCAL_MenuFiscal_LMFC.resx" Description="File successfully backed up as D:\DARUMA\DFW\EXEMPLOS\DarumaFrameWork_CSharp\DarumaFrameWork_CSharp\Backup2\FR_FISCAL_MenuFiscal_LMFC.resx">
</Event><Event ErrorLevel="0" Project="DarumaFramework_CSharp" Source="FR_FISCAL_MenuFiscal_LMFS.resx" Description="File successfully backed up as D:\DARUMA\DFW\EXEMPLOS\DarumaFrameWork_CSharp\DarumaFrameWork_CSharp\Backup2\FR_FISCAL_MenuFiscal_LMFS.resx">
</Event><Event ErrorLevel="0" Project="DarumaFramework_CSharp" Source="FR_FISCAL_ParametrizacaoSintegra.resx" Description="File successfully backed up as D:\DARUMA\DFW\EXEMPLOS\DarumaFrameWork_CSharp\DarumaFrameWork_CSharp\Backup2\FR_FISCAL_ParametrizacaoSintegra.resx">
</Event><Event ErrorLevel="0" Project="DarumaFramework_CSharp" Source="FR_FISCAL_rAssinarRSA_ECF_Daruma.resx" Description="File successfully backed up as D:\DARUMA\DFW\EXEMPLOS\DarumaFrameWork_CSharp\DarumaFrameWork_CSharp\Backup2\FR_FISCAL_rAssinarRSA_ECF_Daruma.resx">
</Event><Event ErrorLevel="0" Project="DarumaFramework_CSharp" Source="FR_FISCAL_rCalcularMD5_ECF_Daruma.resx" Description="File successfully backed up as D:\DARUMA\DFW\EXEMPLOS\DarumaFrameWork_CSharp\DarumaFrameWork_CSharp\Backup2\FR_FISCAL_rCalcularMD5_ECF_Daruma.resx">
</Event><Event ErrorLevel="0" Project="DarumaFramework_CSharp" Source="FR_FISCAL_rEfetuarDownloadMFD_ECF_Daruma.resx" Description="File successfully backed up as D:\DARUMA\DFW\EXEMPLOS\DarumaFrameWork_CSharp\DarumaFrameWork_CSharp\Backup2\FR_FISCAL_rEfetuarDownloadMFD_ECF_Daruma.resx">
</Event><Event ErrorLevel="0" Project="DarumaFramework_CSharp" Source="FR_FISCAL_RetornoECF.resx" Description="File successfully backed up as D:\DARUMA\DFW\EXEMPLOS\DarumaFrameWork_CSharp\DarumaFrameWork_CSharp\Backup2\FR_FISCAL_RetornoECF.resx">
</Event><Event ErrorLevel="0" Project="DarumaFramework_CSharp" Source="FR_FISCAL_rGerarEspelhoMFD_ECF_Daruma.resx" Description="File successfully backed up as D:\DARUMA\DFW\EXEMPLOS\DarumaFrameWork_CSharp\DarumaFrameWork_CSharp\Backup2\FR_FISCAL_rGerarEspelhoMFD_ECF_Daruma.resx">
</Event><Event ErrorLevel="0" Project="DarumaFramework_CSharp" Source="FR_FISCAL_rGerarRelatorioOffline_ECF_Daruma.resx" Description="File successfully backed up as D:\DARUMA\DFW\EXEMPLOS\DarumaFrameWork_CSharp\DarumaFrameWork_CSharp\Backup2\FR_FISCAL_rGerarRelatorioOffline_ECF_Daruma.resx">
</Event><Event ErrorLevel="0" Project="DarumaFramework_CSharp" Source="FR_FISCAL_rGerarRelatorio_ECF_Daruma.resx" Description="File successfully backed up as D:\DARUMA\DFW\EXEMPLOS\DarumaFrameWork_CSharp\DarumaFrameWork_CSharp\Backup2\FR_FISCAL_rGerarRelatorio_ECF_Daruma.resx">
</Event><Event ErrorLevel="0" Project="DarumaFramework_CSharp" Source="FR_FISCAL_rLeituraXCustomizada_ECF_Daruma.resx" Description="File successfully backed up as D:\DARUMA\DFW\EXEMPLOS\DarumaFrameWork_CSharp\DarumaFrameWork_CSharp\Backup2\FR_FISCAL_rLeituraXCustomizada_ECF_Daruma.resx">
</Event><Event ErrorLevel="0" Project="DarumaFramework_CSharp" Source="FR_FISCAL_rRetornarGTCodificado_ECF_Daruma.resx" Description="File successfully backed up as D:\DARUMA\DFW\EXEMPLOS\DarumaFrameWork_CSharp\DarumaFrameWork_CSharp\Backup2\FR_FISCAL_rRetornarGTCodificado_ECF_Daruma.resx">
</Event><Event ErrorLevel="0" Project="DarumaFramework_CSharp" Source="FR_FISCAL_rRetornarInformacao_ECF_Daruma.resx" Description="File successfully backed up as D:\DARUMA\DFW\EXEMPLOS\DarumaFrameWork_CSharp\DarumaFrameWork_CSharp\Backup2\FR_FISCAL_rRetornarInformacao_ECF_Daruma.resx">
</Event><Event ErrorLevel="0" Project="DarumaFramework_CSharp" Source="FR_FISCAL_rStatusImpressora_ECF_Daruma.resx" Description="File successfully backed up as D:\DARUMA\DFW\EXEMPLOS\DarumaFrameWork_CSharp\DarumaFrameWork_CSharp\Backup2\FR_FISCAL_rStatusImpressora_ECF_Daruma.resx">
</Event><Event ErrorLevel="0" Project="DarumaFramework_CSharp" Source="FR_FISCAL_TesteDeVendaDeItensSemPararBuferizando.resx" Description="File successfully backed up as D:\DARUMA\DFW\EXEMPLOS\DarumaFrameWork_CSharp\DarumaFrameWork_CSharp\Backup2\FR_FISCAL_TesteDeVendaDeItensSemPararBuferizando.resx">
</Event><Event ErrorLevel="0" Project="DarumaFramework_CSharp" Source="FR_FISCAL_Teste_Consumo_MFD.resx" Description="File successfully backed up as D:\DARUMA\DFW\EXEMPLOS\DarumaFrameWork_CSharp\DarumaFrameWork_CSharp\Backup2\FR_FISCAL_Teste_Consumo_MFD.resx">
</Event><Event ErrorLevel="0" Project="DarumaFramework_CSharp" Source="FR_MenuImpressoraDual_Principal.resx" Description="File successfully backed up as D:\DARUMA\DFW\EXEMPLOS\DarumaFrameWork_CSharp\DarumaFrameWork_CSharp\Backup2\FR_MenuImpressoraDual_Principal.resx">
</Event><Event ErrorLevel="0" Project="DarumaFramework_CSharp" Source="FR_MenuImpressoraFiscal_Principal.resx" Description="File successfully backed up as D:\DARUMA\DFW\EXEMPLOS\DarumaFrameWork_CSharp\DarumaFrameWork_CSharp\Backup2\FR_MenuImpressoraFiscal_Principal.resx">
</Event><Event ErrorLevel="0" Project="DarumaFramework_CSharp" Source="FR_MenuTA2000_Principal.resx" Description="File successfully backed up as D:\DARUMA\DFW\EXEMPLOS\DarumaFrameWork_CSharp\DarumaFrameWork_CSharp\Backup2\FR_MenuTA2000_Principal.resx">
</Event><Event ErrorLevel="0" Project="DarumaFramework_CSharp" Source="FR_metodo_iAutenticarDocumento_DUAL_DarumaFramework.resx" Description="File successfully backed up as D:\DARUMA\DFW\EXEMPLOS\DarumaFrameWork_CSharp\DarumaFrameWork_CSharp\Backup2\FR_metodo_iAutenticarDocumento_DUAL_DarumaFramework.resx">
</Event><Event ErrorLevel="0" Project="DarumaFramework_CSharp" Source="FR_metodo_iImprimirTexto_DUAL_DarumaFramework.resx" Description="File successfully backed up as D:\DARUMA\DFW\EXEMPLOS\DarumaFrameWork_CSharp\DarumaFrameWork_CSharp\Backup2\FR_metodo_iImprimirTexto_DUAL_DarumaFramework.resx">
</Event><Event ErrorLevel="0" Project="DarumaFramework_CSharp" Source="FR_MenuMODEM_Principal.resx" Description="File successfully backed up as D:\DARUMA\DFW\EXEMPLOS\DarumaFrameWork_CSharp\DarumaFrameWork_CSharp\Backup2\FR_MenuMODEM_Principal.resx">
</Event><Event ErrorLevel="0" Project="DarumaFramework_CSharp" Source="FR_MODEM_eApagar_MODEM_DarumaFramework.resx" Description="File successfully backed up as D:\DARUMA\DFW\EXEMPLOS\DarumaFrameWork_CSharp\DarumaFrameWork_CSharp\Backup2\FR_MODEM_eApagar_MODEM_DarumaFramework.resx">
</Event><Event ErrorLevel="0" Project="DarumaFramework_CSharp" Source="FR_MODEM_rListarSMS_MODEM_DarumaFramework.resx" Description="File successfully backed up as D:\DARUMA\DFW\EXEMPLOS\DarumaFrameWork_CSharp\DarumaFrameWork_CSharp\Backup2\FR_MODEM_rListarSMS_MODEM_DarumaFramework.resx">
</Event><Event ErrorLevel="0" Project="DarumaFramework_CSharp" Source="FR_MODEM_rReceberSMS_MODEM_DarumaFramework.resx" Description="File successfully backed up as D:\DARUMA\DFW\EXEMPLOS\DarumaFrameWork_CSharp\DarumaFrameWork_CSharp\Backup2\FR_MODEM_rReceberSMS_MODEM_DarumaFramework.resx">
</Event><Event ErrorLevel="0" Project="DarumaFramework_CSharp" Source="FR_MODEM_rNivelSinalRecebido_MODEM_DarumaFramework.resx" Description="File successfully backed up as D:\DARUMA\DFW\EXEMPLOS\DarumaFrameWork_CSharp\DarumaFrameWork_CSharp\Backup2\FR_MODEM_rNivelSinalRecebido_MODEM_DarumaFramework.resx">
</Event><Event ErrorLevel="0" Project="DarumaFramework_CSharp" Source="FR_MODEM_rRetornarImei_MODEM_DarumaFramework.resx" Description="File successfully backed up as D:\DARUMA\DFW\EXEMPLOS\DarumaFrameWork_CSharp\DarumaFrameWork_CSharp\Backup2\FR_MODEM_rRetornarImei_MODEM_DarumaFramework.resx">
</Event><Event ErrorLevel="0" Project="DarumaFramework_CSharp" Source="FR_MODEM_rRetornarOperadora_MODEM_DarumaFramework.resx" Description="File successfully backed up as D:\DARUMA\DFW\EXEMPLOS\DarumaFrameWork_CSharp\DarumaFrameWork_CSharp\Backup2\FR_MODEM_rRetornarOperadora_MODEM_DarumaFramework.resx">
</Event><Event ErrorLevel="0" Project="DarumaFramework_CSharp" Source="FR_MODEM_ServicoCSD_DarumaFramework.resx" Description="File successfully backed up as D:\DARUMA\DFW\EXEMPLOS\DarumaFrameWork_CSharp\DarumaFrameWork_CSharp\Backup2\FR_MODEM_ServicoCSD_DarumaFramework.resx">
</Event><Event ErrorLevel="0" Project="DarumaFramework_CSharp" Source="FR_MODEM_tEnviarSMS_MODEM_DarumaFramework.resx" Description="File successfully backed up as D:\DARUMA\DFW\EXEMPLOS\DarumaFrameWork_CSharp\DarumaFrameWork_CSharp\Backup2\FR_MODEM_tEnviarSMS_MODEM_DarumaFramework.resx">
</Event><Event ErrorLevel="0" Project="DarumaFramework_CSharp" Source="FR_Registro.resx" Description="File successfully backed up as D:\DARUMA\DFW\EXEMPLOS\DarumaFrameWork_CSharp\DarumaFrameWork_CSharp\Backup2\FR_Registro.resx">
</Event><Event ErrorLevel="0" Project="DarumaFramework_CSharp" Source="Properties\Resources.resx" Description="File successfully backed up as D:\DARUMA\DFW\EXEMPLOS\DarumaFrameWork_CSharp\DarumaFrameWork_CSharp\Backup2\Properties\Resources.resx">
</Event><Event ErrorLevel="1" Project="DarumaFramework_CSharp" Source="DarumaFramework_CSharp.csproj" Description="Your project is targeting .NET Framework 2.0 or 3.0. If your project uses assemblies requiring a newer .NET Framework, your project will fail to build. You can change the .NET Framework version by clicking Properties on the project menu and then selecting a new version in the '.NET Framework' dropdown box. (In Visual Basic, this is located on the Compile tab by clicking the 'Advanced Compiler Options...' button.)">
</Event><Event ErrorLevel="0" Project="DarumaFramework_CSharp" Source="DarumaFramework_CSharp.csproj" Description="Project converted successfully">
</Event><Event ErrorLevel="3" Project="DarumaFramework_CSharp" Source="DarumaFramework_CSharp.csproj" Description="Converted">
</Event><Event ErrorLevel="0" Project="" Source="DarumaFramework_CSharp.sln" Description="Solution converted successfully">
</Event><Event ErrorLevel="3" Project="" Source="DarumaFramework_CSharp.sln" Description="Converted">
</Event><Event ErrorLevel="0" Project="DarumaFramework_CSharp" Source="DarumaFramework_CSharp.csproj" Description="Scan complete: Upgrade not required for project files.">
</Event></UpgradeLog>